"comissaolicitacao";anoprocessolicitatorio;numeroprocessolicitatorio;"modalidadeprocessolicitatorio";numerolicitacaomodalidade;anolicitacaomodalidade;"orgaolicitante";"objeto";valor_estipulado;dataaberturaproposta
"COMISSÃO DE LICITAÇÃO - EMLURB";2018;10;"TOMADA DE PREÇOS";1;2018;"EMLURB - AUTARQUIA DE MANUTENÇÃO E LIMPEZA URBANA";"CONTRATAÇÃO DE EMPRESA ESPECIALIZADA EM ILUMINAÇÃO PÚBLICA PARA FORNECIMENTO E INSTALAÇÃO DE LUMINÁRIAS COM TECNOLOGIA LED E REDE ELÉTRICA PARA ILUMINAÇÃO PÚBLICA DA AV. ENGENHEIRO JOSÉ ESTELITA";866790.82;2018/06/26 09:00:00.000
"COMISSÃO ESPECIAL DE LICITAÇÃO - GABPE";2018;2;"TOMADA DE PREÇOS";2;2018;"SECRETARIA DE PROJETOS ESPECIAIS";"CONTRATAÇÃO DE SERVIÇOS DE ENGENHARIA CONSULTIVA PARA ELABORAÇÃO DE PROJETOS BÁSICOS E EXECUTIVOS DE ENGENHARIA PARA CONSTRUÇÃO DE DUAS UNIDADES DO COMPAZ  COQUE E IBURA";526845.24;2018/04/18 09:30:00.000
"COMISSÃO ESPECIAL DE LICITAÇÃO - GABPE";2018;8;"CONCORRÊNCIA - PRESENCIAL";3;2018;"FUNDO MUNICIPAL DE SAUDE";"PROCESSO LICITATORIO PARA CONTRATAÇÃO DE EMPRESA ESPECIALIZADA PARA EXECUTAR SERVIÇOS DE CONSTRUÇÃO, AMPLIAÇÃO E EQUIPAGEM DAS UNIDADES DE SAÚDE - REFORMA REDE CEGONHA, PARA ATENDER AS NECESSIDADES DA SECRETARIA DE SAÚDE DA PREFEITURA DO RECIFE.";5973970.0;2018/11/23 09:30:00.000
"COMISSÃO PERMANENTE DE LICITAÇÃO - CTTU";2018;11;"CONVITE";1;2018;"CTTU - AUTARQUIA DE TRÂNSITO E TRANSPORTE URBANO DO RECIFE";"CONTRATAÇÃO DE SOCIEDADE DE ADVOGADOS PARA PRESTAÇÃO DE SERVIÇOS ADVOCATÍCIOS DE NATUREZA TRABALHISTA PARA SUPRI A NECESSIDADE DESTA AUTARQUIA.";79062.6;2018/05/16 10:00:00.000
"COMISSÃO PERMANENTE DE LICITAÇÃO - CTTU";2018;18;"PREGÃO PRESENCIAL";8;2018;"CTTU - AUTARQUIA DE TRÂNSITO E TRANSPORTE URBANO DO RECIFE";"PROCESSO LICITATÓRIO REFERENTE A RECUPERAÇÃO DAS ESTRUTURAS METÁLICAS, CONFECÇÃO E INSTALAÇÃO DE 05 TOLDOS.";60278.65;2018/09/11 10:00:00.000
"COMISSÃO PERMANENTE DE LICITAÇÃO DE EDUCAÇÃO - CPLE (GGLIC/SEPLAGTD)";2018;24;"CHAMAMENTO PÚBLICO";1;2018;"SECRETARIA DE EDUCAÇÃO";"AQUISIÇÃO DE GÊNEROS ALIMENTÍCIOS.";2156807.97;2018/11/05 10:00:00.000
"COMISSÃO DE LICITAÇÃO - EMLURB";2019;57;"CONCORRÊNCIA - PRESENCIAL";18;2019;"EMLURB - AUTARQUIA DE MANUTENÇÃO E LIMPEZA URBANA";"RECUPERAÇÃO ESTRUTURAL DA PONTE PRINCESA ISABEL.";8314387.23;2019/12/20 09:00:00.000
"COMISSÃO ESPECIAL DE LICITAÇÃO - GABPE";2019;13;"CONVITE";3;2019;"SECRETARIA DE PROJETOS ESPECIAIS";"CONTRATAÇÃO DE EMPRESA ESPECIALIZADA PARA ELABORAÇÃO DOS PROJETOS EXECUTIVOS DE ARQUITETURA E COMPLEMENTARES DE ENGENHARIA PARA CONSTRUÇÃO DE 02 (DOIS) CENTROS COMUNITÁRIOS DA PAZ (COMPAZ), LOCALIZADOS NOS BAIRROS DO PINA E VÁRZEA, NA CIDADE DO RECIFE.";327185.9;2019/07/17 09:30:00.000
"COMISSÃO ESPECIAL DE LICITAÇÃO - GABPE";2019;18;"PREGÃO ELETRÔNICO";6;2019;"SECRETARIA DE TURISMO E LAZER";"REGISTRO DE PREÇOS PARA AQUISIÇÃO E INSTALAÇÃO DE MATERIAL ESPORTIVO PARA MODALIDADES COLETIVAS, INDIVIDUAIS E DANÇA DE ESPORTES DE ALTO RENDIMENTO GERALDÃO QUE TEM COMO FINALIDADE DESENVOLVER, DEMOCRATIZAR E UNIVERSALIZAR A PRÁTICA ESPORTIVA DE ALTO RENDIMENTO, OFERECENDO CONDIÇÕES DE EXCELÊNCIA MATERIAL E PROFISSIONAL PARA OS ATLETAS E PARATLETAS.";131949.5;2019/08/01 10:30:00.000
"COMISSÃO ESPECIAL DE LICITAÇÃO - GABPE";2019;20;"CONCORRÊNCIA - PRESENCIAL";7;2019;"SECRETARIA DE HABITAÇÃO";"CONTRATAÇÃO DE EMPRESA ESPECIALIZADA DE ENGENHARIA PARA MANUTENÇÃO PREVENTIVA E CORRETIVA DOS CONJUNTOS HABITACIONAIS";2019203.01;2019/08/23 15:00:00.000
"COMISSÃO ESPECIAL DE LICITAÇÃO - GABPE";2019;21;"CONCORRÊNCIA - PRESENCIAL";8;2019;"SECRETARIA DE HABITAÇÃO";"CONTRATAÇÃO DE EMPRESA ESPECIALIZADA EM CONSULTORIA, LEVANTAMENTO E FISCALIZAÇÕES NOS HABITACIONAIS DE RESPONSABILIDADE DESTA SECRETARIA.";2832669.09;2019/09/17 09:30:00.000
"COMISSÃO ESPECIAL DE LICITAÇÃO - GABPE";2019;22;"CONCORRÊNCIA - PRESENCIAL";9;2019;"SECRETARIA DE PROJETOS ESPECIAIS";"CONTRATAÇÃO DE SERVIÇOS DE ENGENHARIA CONSULTIVA PARA APOIO TÉCNICO-OPERACIONAL E GERENCIAL AO GABINETE DE PROJETOS ESPECIAIS, COMPREENDENDO AS ATIVIDADES DE GERENCIAMENTO, SUPERVISÃO E FISCALIZAÇÃO DE OBRAS DE CONSTRUÇÃO DO HOSPITAL DO IDOSO E DA UPAE IBURA.";2566542.75;2019/09/24 09:30:00.000
"COMISSÃO ESPECIAL DE LICITAÇÃO - GABPE";2019;23;"CONCORRÊNCIA - PRESENCIAL";10;2019;"SECRETARIA DE PROJETOS ESPECIAIS";"CONTRATAÇÃO DE SERVIÇOS DE ENGENHARIA CONSULTIVA PARA APOIO TÉCNICO-OPERACIONAL E GERENCIAL AO GABINETE DE PROJETOS ESPECIAIS, COMPREENDENDO AS ATIVIDADES DE GERENCIAMENTO, SUPERVISÃO E FISCALIZAÇÃO DE OBRAS NAS ÁREAS DE SAÚDE, EDUCAÇÃO, SEGURANÇA E URBANIZAÇÃO.";4222544.07;2019/09/25 09:30:00.000
"COMISSÃO ESPECIAL DE LICITAÇÃO - GABPE";2019;28;"CONCORRÊNCIA - PRESENCIAL";12;2019;"SECRETARIA DE PROJETOS ESPECIAIS";"CONTRATAÇÃO DE SERVIÇOS ESPECIALIZADOS DE ENGENHARIA, ATRAVÉS DE ESCOAMENTO FORÇADO NOS CANAIS DO MUNICÍPIO DO RECIFE, PARA CONTROLE E COMBATE VETORIAL DO AEDES AEGYPTI E OUTROS VETORES, EM ÁREAS ESPECÍFICAS";9760736.98;2019/11/18 09:30:00.000
"COMISSÃO ESPECIAL DE LICITAÇÃO - GABPE";2019;29;"TOMADA DE PREÇOS";5;2019;"SECRETARIA DE PROJETOS ESPECIAIS";"CONTRATAÇÃO DE EMPRESA ESPECIALIZADA PARA FABRICAÇÃO E FORNECIMENTO DE CADEIRAS PARA OS CAMAROTES NO TEATRO DO PARQUE, NO MUNICÍPIO DE RECIFE - PE";272243.33;2019/11/07 09:30:00.000
"COMISSÃO ESPECIAL DE LICITAÇÕES INTERNACIONAIS E RECURSOS CONVENIADOS - CELIRC";2019;16;"PREGÃO ELETRÔNICO";16;2019;"SECRETARIA DE EDUCAÇÃO";"PL PARA AQUISIÇÃO DE MICROCMPUTADOR CONVERSIVEL TIPO CLASSEMATE";11470610.0;2019/12/09 10:00:00.000
"COMISSÃO ESPECIAL DE LICITAÇÕES INTERNACIONAIS E RECURSOS CONVENIADOS - CELIRC";2019;18;"PREGÃO ELETRÔNICO";18;2019;"SECRETARIA DE EDUCAÇÃO";"REGISTRO DE PREÇOS PELO PERÍODO DE 12 (DOZE) MESES PARA AQUISIÇÃO DE MATERIAIS EDUCACIONAIS E OFICINAS PEDAGÓGICAS 02 (DOIS) LOTES PARA A SECRETARIA DE EDUCAÇÃO.";16467900.0;2019/11/13 10:00:00.000
"COMISSÃO ESPECIAL DE LICITAÇÕES INTERNACIONAIS E RECURSOS CONVENIADOS - CELIRC";2019;19;"PREGÃO ELETRÔNICO";19;2019;"SECRETARIA DE EDUCAÇÃO";"REGISTRO DE PREÇOS PARA AQUISIÇÃO DE INDUMENTÁRIAS E ACESSÓRIOS DESTINADOS AS BANDAS DA REDE MUNICIPAL DE ENSINO";1193550.0;2019/12/09 10:00:00.000
"COMISSÃO ESPECIAL DE LICITAÇÕES INTERNACIONAIS E RECURSOS CONVENIADOS - CELIRC";2019;20;"PREGÃO ELETRÔNICO";20;2019;"SECRETARIA DE EDUCAÇÃO";"AQUISIÇÃO DE CHROMEBOOK TIPO 1 - ATRAVÉS DE REGISTRO DE PREÇOS NA MODALIDADE PREGÃO ELETRÔNICO NO PERÍODO DE 12 MESES.";2252250.0;2019/12/16 10:00:00.000
"COMISSÃO PERMANENTE DE LICITAÇÃO - CTTU";2019;8;"PREGÃO ELETRÔNICO";5;2019;"CTTU - AUTARQUIA DE TRÂNSITO E TRANSPORTE URBANO DO RECIFE";"1.1.	REGISTRO DE PREÇOS PARA CONTRATAÇÃO DE EMPRESA ESPECIALIZADA NA EXECUÇÃO, SOB DEMANDA, DE SERVIÇOS DE INSTALAÇÃO E CERTIFICAÇÃO DE INFRAESTRUTURA DE REDE LÓGICA, ATRAVÉS DE CABEAMENTO ESTRUTURADO (VOZ/DADOS/IMAGEM/IMAGEM) E INSTALAÇÃO DE REDE ELÉTRICA ESTABILIZADA, COM FORNECIMENTO DE MATERIAL, DE ACORDO COM AS CONDIÇÕES, ESPECIFICAÇÕES E QUANTITATIVOS DESCRITOS";1382338.96;2019/04/03 10:00:00.000
"COMISSÃO PERMANENTE DE LICITAÇÃO - CTTU";2019;16;"CONVITE";1;2019;"CTTU - AUTARQUIA DE TRÂNSITO E TRANSPORTE URBANO DO RECIFE";"PROCESSO LICITATÓRIO PARA A CONTRATAÇÃO DE SERVIÇOS TÉCNICOS ESPECIALIZADOS DE ASSESSORIA E CONSULTA JURÍDICA.";145200.0;2019/07/12 10:00:00.000
"COMISSÃO PERMANENTE DE LICITAÇÃO DE MATERIAIS - CPLM (GGLIC/SEPLAGTD)";2019;7;"PREGÃO ELETRÔNICO";7;2019;"SECRETARIA DE TURISMO E LAZER";"AQUISIÇÃO DE EQUIPAMENTOS DE INFORMÁTICA E DE ÁUDIO E VÍDEO PARA ATENDER AS NECESSIDADES DESTA SECRETARIA DE TURISMO, ESPORTES E LAZER - SETUREL, NO TOCANTE AOS CENTROS DE ATENDIMENTO AO TURISTA. CONFORME TR.";45842.45;2019/04/03 09:00:00.000
"COMISSÃO ESPECIAL DE LICITAÇÃO - GABPE";2020;8;"CHAMAMENTO PÚBLICO";2;2020;"SECRETARIA DO TRABALHO E QUALIFICAÇÃO PROFISSIONAL";"CREDENCIAMENTO DE COSTUREIROS(AS) (PESSOA FÍSICA) MICROEMPREENDEDORES INDIVIDUAIS MEIS E MICROEMPRESAS MES VISANDO O FORNECIMENTO DE MÁSCARAS DE TECIDO PARA POPULAÇÃO DA CIDADE DO RECIFE.";1100000.0;2020/07/10 16:00:00.000
"COMISSÃO ESPECIAL DE LICITAÇÃO - GABPE";2020;24;"CHAMAMENTO PÚBLICO";3;2020;"SECRETARIA DE PROJETOS ESPECIAIS";"FORNECIMENTO, INSTALAÇÃO E MANUTENÇÃO DE ESTAÇÕES DE EXERCÍCIOS E  ACADEMIAS AO AR LIVRE PARA USO DA POPULAÇÃO DE FORMA GRATUITA, SEM RECURSOS PÚBLICOS ENVOLVIDOS";1.0;2020/10/08 16:00:00.000
"COMISSÃO ESPECIAL DE LICITAÇÃO - GABPE";2020;26;"CHAMAMENTO PÚBLICO";4;2020;"SECRETARIA DE PROJETOS ESPECIAIS";"CREDENCIAMENTO DE COSTUREIROS(AS) (PESSOA FÍSICA) MICROEMPREENDEDORES INDIVIDUAIS MEIS E MICROEMPRESAS MES VISANDO O FORNECIMENTO DE MÁSCARAS DE TECIDO PARA POPULAÇÃO DA CIDADE DO RECIFE.";1.0;2020/11/13 13:00:00.000
"COMISSÃO ESPECIAL DE LICITAÇÃO - GABPE";2020;27;"TOMADA DE PREÇOS";5;2020;"SECRETARIA DE PROJETOS ESPECIAIS";"CONTRATACAO DE EMPRESA DE ENGENHARIA PARA EXECUCAO DAS OBRAS E SERVICOS DE CONSTRUCAO DOS QUIOSQUES DE ALIMENTACAO DA UPAE IBURA. LOCALIZADA NO MUNICIPIO DE RECIFE.";323246.14;2020/11/30 10:00:00.000
"COMISSÃO ESPECIAL DE LICITAÇÃO - GABPE";2020;30;"CONCORRÊNCIA - PRESENCIAL";3;2020;"SECRETARIA DE PROJETOS ESPECIAIS";"DESPESAS COM A EXECUCAO DAS OBRAS DE CONTRUCAO DO CENTRO COMUNITARIO DA PAZ   COMPAZ NO IBURA";11048295.4;2020/12/18 10:00:00.000
"COMISSÃO ESPECIAL DE LICITAÇÃO - GABPE";2020;31;"TOMADA DE PREÇOS";6;2020;"SECRETARIA DE PROJETOS ESPECIAIS";"CONTRATACAO DE EMPRESA DE ENGENHARIA PARA EXECUCAO DA REFORMA PARA IMPLANTACAO DO CENTRO DE REFERENCIA DA PRIMEIRA INFANCIA. OBRA DE INFRAESTRUTURA PARA CLIMATIZACAO DO CENTRO DE REFERENCIA DE ASSISTENCIA SOCIAL  CRAS  E ADEQUACAO DAS INSTALACOES ELETRICAS NO CENTRO COMUNITARIO DA PAZ  COMPAZ  MIGUEL ARRAES. BAIRRO DA MADALENA. NO MUNICIPIO DE RECIFE.";1507818.87;2020/12/14 10:00:00.000
"COMISSÃO PERMANENTE DE LICITAÇÃO DE MATERIAIS - CPLM (GGLIC/SEPLAGTD)";2020;1;"PREGÃO ELETRÔNICO";1;2020;"FUNDO MUNICIPAL DE SAUDE";"REGISTRO DE PREÇOS COM VALIDADE DE 12 (DOZE) MESES PARA AQUISIÇÃO DE EQUIPAMENTOS DE GINÁSTICA- 14 (QUATORZE) LOTES PARA ATENDER TODOS OS POLOS DA ACADEMIA DA CIDADE DA SECRETARIA MUNICIPAL DE SAÚDE.";1402724.78;2020/01/24 09:00:00.000
"COMISSÃO PERMANENTE DE LICITAÇÃO DE MATERIAIS - CPLM (GGLIC/SEPLAGTD)";2020;20;"PREGÃO ELETRÔNICO";19;2020;"FUNDO MUNICIPAL DE SAUDE";"REGISTRO DE PRECOS PELO PERIODO DE 12  DOZE  MESES. PARA A AQUISICAO E CADEIRAS E LONGARINAS EM 10   DEZ   LOTES PARA ATENDER AS NECESSIDADES DA SECRETARIA DE SAUDE DE RECIFE";6378688.38;2020/12/04 10:00:00.000
"COMISSÃO PERMANENTE DE LICITAÇÃO DE SERVIÇOS DE SAÚDE - CPLSSA (GGLIC/SEPLAGTD)";2020;13;"PREGÃO ELETRÔNICO";12;2020;"FUNDO MUNICIPAL DE SAUDE";"REGISTRO DE PREÇO COM VALIDADE DE 12 (DOZE) MESES, PARA AQUISIÇÃO DE EQUIPAMENTOS HOSPITALARES (BISTURIS E CARDIOVERSOR), COM 03 (TRÊS) LOTES, PARA SECRETARIA DE SAÚDE DA PREFEITURA DO RECIFE";1750288.8;2020/07/29 10:00:00.000
"COMISSÃO - SECRETARIA DE SAÚDE";2020;1;"CHAMAMENTO PÚBLICO";1;2020;"FUNDO MUNICIPAL DE SAUDE";"CHAMAMENTO ESCOLHA DE PROJETOS DE ORGANIZAÇÃO DA SOCIEDADE CIVIL, SEM FINS LUCRATIVOS RELACIONADOS A SAÚDE DA MULHER COM ÊNFASE NO PLANEJAM REPRODUTIVO E NAS INFECÇÕES SEXUALMEN TRANSMISSÍVEIS";1.0;2020/04/17 10:00:00.000
"COMISSÃO DE SELEÇÃO E JULGAMENTO - SEPLAGTD";2021;1;"CHAMAMENTO PÚBLICO";1;2021;"SECRETARIA DE ADMINISTRAÇÃO";"SELEÇÃO DE PROJETO PARA A CELEBRAÇÃO DE PARCERIA, POR MEIO DA FORMALIZAÇÃO DE TERMO DE FOMENTO, PARA A CONSECUÇÃO DE FINALIDADE DE INTERESSE PÚBLICO E RECÍPROCO.";870000.0;2021/07/15 17:00:00.000
"COMISSÃO ESPECIAL DE LICITAÇÃO - GABPE";2021;17;"TOMADA DE PREÇOS";6;2021;"SECRETARIA DE PROJETOS ESPECIAIS";"CONTRATACAO DE EMPRESA DE ENGENHARIA PARA EXECUCAO DA OBRA DE REQUALIFICACAO E MODERNIZACAO DAS QUADRAS EXTERNAS DO GINASIO DE ESPORTES GERALDO MAGALHAES";461190.65;2021/11/19 10:00:00.000
"COMISSÃO PERMANENTE DE LICITAÇÃO - CTTU";2021;7;"CONVITE";1;2021;"CTTU - AUTARQUIA DE TRÂNSITO E TRANSPORTE URBANO DO RECIFE";"CONTRATACAO DE EMPRESA ESPECIALIZADA PARA ELABORACAO  DE LAUDO ESTRUTURAL E PROJETOS EXECUTIVOS DE ARQUITETURA E COMPLEMENTARES DE ENGENHARIA PARA RECUPERACAO E ADEQUACAO DA ESTRUTURA FISICA DESTA AUTARQUIA.";316030.97;2021/07/30 10:00:00.000
"COMISSÃO PERMANENTE DE LICITAÇÃO DE COMPRAS CORPORATIVAS - CPLCC (GGLIC/SEPLAGTD)";2021;12;"PREGÃO ELETRÔNICO";12;2021;"SECRETARIA DE ADMINISTRAÇÃO";"REGISTRO DE PRECOS. PELO PERIODO DE 06 MESES. PARA AQUISICAO DE ALCOOL ETILICO EM GEL";4.01;2021/07/20 10:30:00.000
"COMISSÃO PERMANENTE DE LICITAÇÃO DE COMPRAS CORPORATIVAS - CPLCC (GGLIC/SEPLAGTD)";2021;19;"PREGÃO ELETRÔNICO";19;2021;"SECRETARIA DE ADMINISTRAÇÃO";"REGISTRO DE PRECOS PARA PRESTACAO DE SERVICOS CONTINUOS DE LIMPEZA E CONSERVACAO COM DEDICACAO DE MAO DE OBRA EXCLUSIVA E INSUMOS DE LIMPEZA. EM 02  DOIS  LOTES. VISANDO ATENDER AS NECESSIDADES DA PREFEITURA DO RECIFE COM A OBTENCAO DE ADEQUADAS CONDICOES DE SALUBRIDADE E HIGIENE:";18968643.0;2022/01/19 10:30:00.000
"COMISSÃO PERMANENTE DE LICITAÇÃO DE COMPRAS CORPORATIVAS - CPLCC (GGLIC/SEPLAGTD)";2021;21;"PREGÃO ELETRÔNICO";21;2021;"SECRETARIA DE ADMINISTRAÇÃO";"CONTRATACAO DE LICENCIAMENTO DE SOFTWARE COMO SERVICO SOLUCAO DE APOIO A GESTAO ORCAMENTARIA E FINANCEIRA.";360000.0;2021/09/30 10:30:00.000
"COMISSÃO PERMANENTE DE LICITAÇÃO DE EDUCAÇÃO - CPLE (GGLIC/SEPLAGTD)";2021;16;"PREGÃO ELETRÔNICO";16;2021;"FUNDO MUNICIPAL DE SAUDE";"REGISTRO DE PRECOS. PELO PERIODO DE 12  DOZE  MESES. PARA AQUISICAO DE AUTOCLAVES  EQUIPAMENTOS MEDICO HOSPITALARES  EM 04   QUATRO  LOTES. PARA SEREM UTILIZADOS NA REDE MUNICIPAL DE SAUDE DA SECRETARIA DE SAUDE DA PREFEITURA DA CIDADE DO RECIFE.";1361317.5;2021/05/03 09:00:00.000
"COMISSÃO PERMANENTE DE LICITAÇÃO  - EMPREL";2021;3;"PREGÃO ELETRÔNICO";3;2021;"EMPREL - EMPRESA MUNICIPAL DE INFORMÁTICA";"AQUISICAO DE SOLUCAO DE DISTRIBUICAO DE STREAMING DE VIDEO E AUDIO.COM GERENCIAMENTO .CONTEMPLANDO SERVICOS DE ASSISTENCIA TECNICA E SUPORTE TECNICO.COM MANUTENCAO CORRETIVA . INCLUINDO ATUALIZACAO DE VERSAO.REVISOES E OU DISTRIBUICOES RELEASES E CORRECOES PATCHES E COMPONENTES DE SOFTWARE.";0.0;2021/03/16 10:00:00.000
"COMISSÃO PERMANENTE DE LICITAÇÃO  - EMPREL";2021;4;"PREGÃO ELETRÔNICO";4;2021;"EMPREL - EMPRESA MUNICIPAL DE INFORMÁTICA";"REGISTRO DE PRECOS PARA CONTRATACAO DE PESSOA JURIDICA ESPECIALIZADA NO FORNECIMENTO DE  BATERIAS ESTACIONARIAS CONTROLADAS POR VALVULAS A SER APLICADA NOS NOBREAKS DO DATACENTER DA EMPREL   EMPRESA MUNICIPAL DE INFORMATICA E NA PREFEITURA DO RECIFE. CONFORME ESPECIFICACOES CONSTANTES NO TERMO DE REFERENCIA.";0.0;2021/06/03 12:30:00.000
"COMISSÃO PERMANENTE DE LICITAÇÃO  - EMPREL";2021;13;"PREGÃO ELETRÔNICO";12;2021;"EMPREL - EMPRESA MUNICIPAL DE INFORMÁTICA";"REGISTRO DE PRECOS PARA A AQUISICAO DE SOLUCAO DE REDE SEM FIO  WLAN . INDOOR E OUTDOOR. TENDO POR BASE EQUIPAMENTOS DOS FABRICANTES COMMSCOPE RUCKUS E EXTREME NETWORKS. ENGLOBANDO EQUIPAMENTOS.RENOVACAO DE SUPORTE DE SOFTWARE DE GERENCIAMENTO COM ATUALIZACAO DE FIRMWARE. TREINAMENTO E GARANTIA PARA A REDE CORPORATIVA DA PREFEITURA DO RECIFE.";0.0;2021/12/06 10:00:00.000
"COMISSÃO PERMANENTE DE LICITAÇÃO  - EMPREL";2021;14;"CHAMAMENTO PÚBLICO";2;2021;"EMPREL - EMPRESA MUNICIPAL DE INFORMÁTICA";"OBTENÇÃO DE SOLUÇÕES INOVADORAS PARA DESAFIOS DA CIDADE DO RECIFE.";0.0;2021/12/13 10:00:00.000
"COMISSÃO PERMANENTE DE LICITAÇÃO - RECIPREV";2021;1;"PREGÃO ELETRÔNICO";1;2021;"AUTARQUIA MUNICIPAL DE PREVIDENCIA E ASSISTENCIA A SAUDE DOS SERVIDORES";"CONTRATACAO DE PESSOA JURIDICA ESPECIALIZADA NA EXECUCAO DE SERVICOS DE ASSESSORIA E CONSULTORIA TECNICA";5390782.56;2021/05/20 10:00:00.000
"COMISSÃO ESPECIAL DE LICITAÇÃO - GABPE";2022;2;"TOMADA DE PREÇOS";2;2022;"SECRETARIA DE CULTURA";"CONTRATAÇÃO DE EMPRESA PARA ELABORAÇÃO DE LAUDO TÉCNICO ESTRUTURAL, PROJETOS PARA REFORMA DO EDIFÍCIO SEDE SECULT/FCCR, LOCALIZADO NA AVENIDA MARQUÊS DE OLINDA, BAIRRO DO RECIFE";318579.35;2022/04/07 10:30:00.000
"COMISSÃO ESPECIAL DE LICITAÇÃO - GABPE";2022;37;"CONCORRÊNCIA - PRESENCIAL";7;2022;"SECRETARIA DE PROJETOS ESPECIAIS";"CONTRATACAO DE EMPRESA DE ENHENHARIA PARA EXECUCAO DA OBRA E SERVICOS DE CONSTRUCAO DA UNIDADE
BASICA DE SAUDE LOCALIZADA NO PINA. DISTRITO SANITARIO VI. NA CIDADE DO RECIFE";4234845.43;2022/09/12 10:30:00.000
"COMISSÃO ESPECIAL DE LICITAÇÃO - GABPE";2022;47;"TOMADA DE PREÇOS";22;2022;"SECRETARIA DE PROJETOS ESPECIAIS";"GERENCIAMENTO. SUPERVISAO E FISCALIZACAO DAS OBRAS DO PARQUE EDUARDO CAMPOS. LOCALIZADO NO TERRENO DO AEROCLUBE. NO BAIRRO DO PINA/RECIFE.";3281933.61;2023/01/17 15:00:00.000
"COMISSÃO PERMANENTE DE LICITAÇÃO - CTTU";2022;12;"PREGÃO ELETRÔNICO";11;2022;"CTTU - AUTARQUIA DE TRÂNSITO E TRANSPORTE URBANO DO RECIFE";"CONTRATACAO DE EMPRESA ESPECIALIZADA EM PRESTACAO DE SERVICOS DE LOCACAO DE SISTEMA DE RADIOCOMUNICACAO DIGITAL. PARA SUPRI A NECESSIDADE DESTA AUTARQUIA. POR UM PERIODO DE 12 MESES.";2966010.0;2022/08/22 10:00:00.000
"COMISSÃO PERMANENTE DE LICITAÇÃO - CTTU";2022;16;"PREGÃO ELETRÔNICO";15;2022;"CTTU - AUTARQUIA DE TRÂNSITO E TRANSPORTE URBANO DO RECIFE";"CONTRATACAO DE EMPRESA ESPECIALIZADA NA PRESTACAO DO SERVICO DE ADMINISTRACAO E FORNECIMENTO DE CARTOES REFEICOES";851701.2;2022/09/23 10:00:00.000
"COMISSÃO PERMANENTE DE LICITAÇÃO - CTTU";2022;18;"PREGÃO ELETRÔNICO";17;2022;"CTTU - AUTARQUIA DE TRÂNSITO E TRANSPORTE URBANO DO RECIFE";"CONTRATACAO DE EMPRESA ESPECIALIZADA NA LOCACAO DE EQUIPAMENTOS.";1326812.64;2022/11/10 10:00:00.000
"COMISSÃO PERMANENTE DE LICITAÇÃO - CTTU";2022;21;"PREGÃO ELETRÔNICO";20;2022;"CTTU - AUTARQUIA DE TRÂNSITO E TRANSPORTE URBANO DO RECIFE";"CONTRATACAO DE EMPRESA ESPECIALIZADA PARA AQUISICAO DE MATERIAL DE IMAGEM PARA ATENDER AS NECESSIDADES DESTA AUTARQUIA.";261542.75;2022/11/22 10:00:00.000
"COMISSÃO PERMANENTE DE LICITAÇÃO DE MATERIAIS - CPLM (GGLIC/SEPLAGTD)";2022;24;"PREGÃO ELETRÔNICO";21;2022;"SECRETARIA DE EDUCAÇÃO";"MOBILIARIO CONSTITUIDO DE ARMARIO DE ACO.";3449270.96;2022/09/22 10:00:00.000
"COMISSÃO PERMANENTE DE LICITAÇÃO DE SERVIÇOS - CPLS (GGLIC/SEPLAGTD)";2022;5;"PREGÃO ELETRÔNICO";5;2022;"FUNDO MUNICIPAL DE SAUDE";"REGISTRO DE PRECOS. COM VALIDADE DE 12  DOZE  MESES. PARA A CONTRATACAO DE EMPRESA ESPECIALIZADA PARA PRESTACAO DE SERVICOS NA COBERTURA DE SEGURO AUTOMOTIVO. 7  SETE  LOTES . PARA ATENDER AS  NECESSIDADES DA  SECRETARIA DE SAUDE DA PREFEITURA DO RECIFE";12333.25;2022/02/16 09:00:00.000
"COMISSÃO PERMANENTE DE LICITAÇÃO DE SERVIÇOS - CPLS (GGLIC/SEPLAGTD)";2022;18;"PREGÃO ELETRÔNICO";18;2022;"FUNDO MUNICIPAL DE SAUDE";"REGISTRO DE PRECOS COM VALIDADE DE 12  DOZE  MESES PARA CONTRATACAO DE EMPRESA ESPECIALIZADA NA LOCACAO DE VEICULOS TIPO CAMINHAO COM MOTORISTA E COMBUSTIVEL POR CONTA DA CONTRATADA LOTE UNICO";1082160.0;2022/07/06 09:00:00.000
"COMISSÃO PERMANENTE DE LICITAÇÃO DE SERVIÇOS - CPLS (GGLIC/SEPLAGTD)";2022;31;"PREGÃO ELETRÔNICO";29;2022;"SECRETARIA DE TURISMO E LAZER";"CONTRATACAO DE EMPRESA PARA CESSAO. MONTAGEM. MANUTENCAO E DESMONTAGEM DE PALCOS. PISOS. GRADIS E DEMAIS ESTRUTURAS CORRELATAS QUE SERAO UTILIZADOS NOS EVENTOS PROMOVIDOS PELA SETUR L.";1145356.49;2023/01/03 10:00:00.000
"COMISSÃO PERMANENTE DE LICITAÇÃO  - EMPREL";2022;2;"PREGÃO ELETRÔNICO";2;2022;"EMPREL - EMPRESA MUNICIPAL DE INFORMÁTICA";"CONTRATACAO DE EMPRESA ESPECIALIZADA PARA AQUISICAO DE EQUIPAMENTOS DE TECNOLOGIA DA INFORMACAO. MICROCOMPUTADORES E ACESSORIOS. PARA PROVIMENTO DAS DEMANDAS DOS ORGAOS E ENTIDADES DA ADMINISTRACAO PUBLICA MUNICIPAL DO RECIFE. INTEGRANTES DESTE PROCESSO PELO PERIODO DE 12 MESES. CONFORME ESPECIFICACOES E QUANTITATIVOS DESCRITOS NO TERMO DE REFERENCIA DO EDITAL.";0.0;2022/03/03 10:00:00.000
"COMISSÃO PERMANENTE DE LICITAÇÃO  - EMPREL";2022;3;"PREGÃO ELETRÔNICO";3;2022;"EMPREL - EMPRESA MUNICIPAL DE INFORMÁTICA";"REGISTRO DE PRECOS PARA CONTRATACAO DE PESSOA JURIDICA ESPECIALIZADA NO FORNECIMENTO DE BATERIAS ESTACIONARIAS CONTROLADAS POR VALVULAS A SER APLICADA NOS NOBREAKS DA EMPREL.";0.0;2022/04/29 11:00:00.000
"COMISSÃO PERMANENTE DE LICITAÇÃO  - EMPREL";2022;4;"CHAMAMENTO PÚBLICO";1;2022;"EMPREL - EMPRESA MUNICIPAL DE INFORMÁTICA";"SELEÇÃO E IMPLANTAÇÃO DE SOLUÇÕES VOLTADAS AO AMBIENTE DE CIDADES INTELIGENTES EITA LABS RECIFE.";0.0;2024/05/11 10:00:00.000
"COMISSÃO PERMANENTE DE LICITAÇÃO  - EMPREL";2022;7;"PREGÃO ELETRÔNICO";6;2022;"EMPREL - EMPRESA MUNICIPAL DE INFORMÁTICA";"REGISTRO DE PRECOS PARA CONTRATACAO DE EMPRESA ESPECIALIZADA NA EXECUCAO. SOB DEMANDA. DE SERVICOS DE INSTALACAO E CERTIFICACAO DE INFRAESTRUTURA DE CABEAMENTO ESTRUTURADO. VOZ. DADOS. IMAGEM. IMAGEM. FIBRAS OTICAS E INSTALACAO DE REDE ELETRICA ESTABILIZADA. COM FORNECIMENTO DE MATERIAL.";0.0;2022/11/25 11:00:00.000
"COMISSÃO DE SELEÇÃO E JULGAMENTO - SECRETARIA DE TRABALHO E QUALIFICAçãO PROFISSIONAL";2023;2;"SELEÇÃO PÚBLICA";1;2023;"SECRETARIA DO TRABALHO E QUALIFICAÇÃO PROFISSIONAL";"PRESENTE CHAMAMENTO PUBLICO TEM POR OBJETO SELECIONAR INSTITUICOES DE ENSINO SUPERIOR   IES PARA FIRMAREM TERMO DE ADESAO AO PROGRAMA MUNICIPAL EDUCACAO PARA TODOS  NOVO PROUNI. CUJA FINALIDADE E CONCEDER BOLSAS DE ESTUDOS INTEGRAIS PARA CURSOS DE NIVEL SUPERIOR NA MODALIDADE PRESENCIAL.";998380.45;2023/10/17 08:00:00.000
"COMISSÃO DE SELEÇÃO E JULGAMENTO - SECRETARIA DE TRABALHO E QUALIFICAçãO PROFISSIONAL";2023;3;"CHAMAMENTO PÚBLICO";2;2023;"SECRETARIA DO TRABALHO E QUALIFICAÇÃO PROFISSIONAL";"O PRESENTE CHAMAMENTO PUBLICO TEM POR OBJETO SELECIONAR ESCOLAS TECNICAS PARA FIRMAREM TERMO DE ADESAO AO PROGRAMA MUNICIPAL EDUCACAO PARA TODOS  PROTEC RECIFE. CUJA FINALIDADE E CONCEDER BOLSAS DE ESTUDOS INTEGRAIS PARA CURSOS TECNICOS NA MODALIDADE PRESENCIAL.";1861179.6;2023/11/13 08:00:00.000
"COMISSÃO DE SELEÇÃO E JULGAMENTO - SECRETARIA DE TRABALHO E QUALIFICAçãO PROFISSIONAL";2023;4;"CHAMAMENTO PÚBLICO";3;2023;"SECRETARIA DO TRABALHO E QUALIFICAÇÃO PROFISSIONAL";"PRESTAÇÃO DE SERVIÇOS ESPECIALIZADOS PARA CAPACITAÇÃO DE 500 (QUINHENTOS) BENEFICIÁRIOS, OBJETIVANDO A PROMOÇÃO DE AÇÕES DE APERFEIÇOAMENTO E QUALIFICAÇÃO PROFISSIONAL NO ÂMBITO DO PROGRAMA QUALIFICA RECIFE, COM OFICINAS E CURSOS NO SEGMENTO DE ARTESANATO E EMPREENDEDORISMO, CONFORME LEI FEDERAL Nº 8.666/93 E SUAS ALTERAÇÕES.";579430.0;2023/12/18 11:00:00.000
"COMISSÃO DE SELEÇÃO E JULGAMENTO - SECRETARIA DE TRABALHO E QUALIFICAçãO PROFISSIONAL";2023;5;"CHAMAMENTO PÚBLICO";4;2023;"SECRETARIA DO TRABALHO E QUALIFICAÇÃO PROFISSIONAL";"ESTABELECER CONTRATO ENTRE A PREFEITURA DO RECIFE. POR MEIO DA SECRETARIA DO TRABALHO E QUALIFICACAO PROFISSIONAL. COM A ORGANIZACAO DA SOCIEDADE CIVIL PARA IMPLEMENTACAO DO PROGRAMA QUALIFICA RECIFE 2023 – PROJETO ORLA. OBJETIVANDO A PROMOCAO DE ACOES DE APERFEICOAMENTO PARA AUMENTAR A COMPETITIVIDADE DOS PEQUENOS NEGOCIOS DA CADEIA PRODUTIVA DO TURISMO INSERIDA NA ORLA DO RECIFE";1546040.0;2023/01/08 10:30:00.000
"COMISSÃO ESPECIAL DE LICITAÇÃO DA SECRETARIA DE SANEAMENTO - CELSS";2023;11;"CONVITE";1;2023;"SECRETARIA DE SANEAMENTO";"CONTRATACAO DE EMPRESA DE CONSULTORIA PARA ELABORACAO E READEQUACAO DE PROJETOS EXECUTIVOS DE INFRAESTRUTURA URBANA. CONTEMPLANDO AS DISCIPLINAS DE GEOMETRIA. PAVIMENTACAO. TERRAPLENAGEM. DRENAGEM E SEUS ORCAMENTOS DE CUSTOS. PARA AS VIAS URBANAS NA CIDADE DO RECIFE";329196.59;2023/10/26 14:30:00.000
"COMISSÃO ESPECIAL DE LICITAÇÃO - GABPE";2023;14;"CONCORRÊNCIA - PRESENCIAL";6;2023;"SECRETARIA DE PROJETOS ESPECIAIS";"EXECUÇÃO DA OBRA E SERVIÇOS DE CONSTRUÇÃO DO CENTRO COMUNITÁRIO DA PAZ - COMPAZ, LOCALIZADO NO BAIRRO
DA VÁRZEA, NO MUNICÍPIO DO RECIFE";26957598.0;2024/02/20 15:00:00.000
"COMISSÃO ESPECIAL DE LICITAÇÃO - GABPE";2023;23;"TOMADA DE PREÇOS";6;2023;"SECRETARIA DE ESPORTES";"CONSTRUCAO DE QUADRA POLIESPORTIVA E QUADRA DE  STREETBALL. LOCALIZADA NO BAIRRO DA IMBIRIBEIRA. MUNICIPIO DO RECIFE. CONFORME SE DEPREENDE DO DOS DOCUMENTOS ANEXOS";321288.86;2024/01/23 14:30:00.000
"COMISSÃO PERMANENTE DE LICITAÇÃO - CSURB";2023;7;"CHAMAMENTO PÚBLICO";1;2023;"CONVIVA MERCADOS E FEIRAS - AUTARQUIA MUNICIPAL";"CHAMAMENTO PúBLICO PARA DEFINIR AS CONDIçõES E ESPECIFICAçõES A TíTULO PRECáRIO DA REQUALIFICAçãO DO MERCADO DA ENCRIZILHADA.";1.0;2023/07/10 10:00:00.000
"COMISSÃO PERMANENTE DE LICITAÇÃO - CSURB";2023;15;"CONCORRÊNCIA - PRESENCIAL";7;2023;"CONVIVA MERCADOS E FEIRAS - AUTARQUIA MUNICIPAL";"OBRA DE REQUALIFICAÇÃO DO PÁTIO DE FEIRA DA ENCRUZILHADA RECIFE-PE.";800732.36;2024/01/12 10:00:00.000
"COMISSÃO PERMANENTE DE LICITAÇÃO DE COMPRAS CORPORATIVAS - CPLCC (GGLIC/SEPLAGTD)";2023;2;"PREGÃO ELETRÔNICO";2;2023;"SECRETARIA DE ADMINISTRAÇÃO";"REGISTRO DE PRECOS PARA LOCACAO DE VEICULO COM KIT GAS. SEM COMBUSTIVEL E SEM MOTORISTA. COM QUILOMETRAGEM LIVRE. EM 02  DOIS  LOTES.";28833985.88;2023/02/14 14:00:00.000
"COMISSÃO PERMANENTE DE LICITAÇÃO DE OBRAS E SERVIÇOS DE ENGENHARIA-CPLOSE(GGLIC/SEPLAGTD)";2023;3;"PREGÃO ELETRÔNICO";2;2023;"SECRETARIA DE EDUCAÇÃO";"CONTRATACAO DE EMPRESA ESPECIALIZADA NO SERVICO DE LOCACAO DE CONJUNTO DE MODULOS HABITAVEIS ACOPLADOS. REVESTIDOS INTERNAMENTE E EXTERNAMENTE. COM MONTAGEM E DESMONTAGEM PARA UTILIZACAO COMO SALAS DE AULA";13322895.39;2023/03/30 10:00:00.000
"COMISSÃO PERMANENTE DE LICITAÇÃO DE SERVIÇOS - CPLS (GGLIC/SEPLAGTD)";2023;23;"PREGÃO ELETRÔNICO";22;2023;"FUNDO MUNICIPAL DE SAUDE";"REGISTRO DE PRECO PARA CONTRATACAO DE EMPRESA ESPECIALIZADA EM SERVICOS
DE LOCACAO DE SOLUCAO DE SEGURANCA ELETRONICA POR MEIO DE
VIDEOMONITORAMENTO PREDIAL INTEGRADO A CENTRAIS DE ALARME E CONTROLE DE
ACESSO. PELO PERIODO DE 48  QUARENTA E OITO MESES . NAS UNIDADES DA
SECRETARIA DE SAUDE DA PREFEITURA DA CIDADE DO RECIFE";28252461.36;2023/10/30 10:00:00.000
"COMISSÃO PERMANENTE DE LICITAÇÃO DE SERVIÇOS - CPLS (GGLIC/SEPLAGTD)";2023;25;"PREGÃO ELETRÔNICO";24;2023;"SECRETARIA DE EDUCAÇÃO";"CONTRATACAO DE EMPRESA ESPECIALIZADA NA PRESTACAO DE SERVICO TERCEIRIZADOS DE MAO DE OBRA   CONDUTOR DE VEICULOS E AJUDANTE DE MAO DE OBRA";2302835.4;2023/11/14 09:00:00.000
"COMISSÃO PERMANENTE DE LICITAÇÃO  - EMPREL";2023;4;"CHAMAMENTO PÚBLICO";1;2023;"EMPREL - EMPRESA MUNICIPAL DE INFORMÁTICA";"LANçAMENTO DO 2º CICLO DE INOVAçãO ABERTA DO RECIFE CONTEMPLANDO 2 (DUAS) FASES DESAFIOS E PROTOTIPAGEM.";0.0;2023/03/29 10:00:00.000
"COMISSÃO PERMANENTE DE LICITAÇÃO  - EMPREL";2023;5;"CHAMAMENTO PÚBLICO";2;2023;"EMPREL - EMPRESA MUNICIPAL DE INFORMÁTICA";"LANçAMENTO DO 2º CICLO DE INOVAçãO ABERTA DO RECIFE CONTEMPLANDO 2 (DUAS) FASES DESAFIOS E PROTOTIPAGEM";0.0;2023/04/03 15:00:00.000
"COMISSÃO PERMANENTE DE LICITAÇÃO  - EMPREL";2023;10;"CHAMAMENTO PÚBLICO";3;2023;"EMPREL - EMPRESA MUNICIPAL DE INFORMÁTICA";"CREDENCIAMENTO DE ONGS PROTETORAS DE ANIMAIS PARA PARTICIPAçãO NO PROJETO ADOTA PET, SEM REPASSE FINANCEIRO.";0.0;2030/12/31 10:00:00.000
"COMISSÃO PERMANENTE DE LICITAÇÃO  - EMPREL";2023;12;"CHAMAMENTO PÚBLICO";4;2023;"EMPREL - EMPRESA MUNICIPAL DE INFORMÁTICA";"CREDENCIAMENTO DE PESSOAS JURíDICAS VISANDO à COMERCIALIZAçãO DE KITS DE MATERIAIS NECESSáRIOS  A EXECUçãO DAS ATIVIDADES PROFISSIONAIS ENQUADRADAS NO PROGRAMA DE CRéDITO POPULAR DO RECIFE";0.0;2024/12/26 10:00:00.000
"COMISSÃO DE SELEÇÃO E JULGAMENTO - SEPLAGTD";2024;2;"CHAMAMENTO PÚBLICO";1;2024;"SECRETARIA DE ADMINISTRAÇÃO";"A PERMISSÃO DE USO ONEROSA P/UTILIZAÇÃO P/TEMPO DETERMINADO IMÓVEL PÚBLICO, P/FINS EXPLORAÇÃOCOMERCIALVOLTADA P/ATIVIDADES CULTURAIS, ARTÍSTICAS OU DE LAZER DURANTE O PERÍODO CARNAVALESCO";94200.0;2024/12/26 16:00:00.000
"COMISSÃO ESPECIAL DE CHAMAMENTO PUBLICO";2024;1;"CHAMAMENTO PÚBLICO";1;2024;"SECRETARIA DE ADMINISTRAÇÃO";"CHAMAMENTO PÚBLICO, DESTINADA A SELECIONAR PESQUISADORES VOLUNTÁRIOS QUE IRÃO CONDUZIR PESQUISAS E APOIAR NA ANÁLISE DE INFORMAÇÕES, APRESENTANDO EVIDÊNCIAS E PROJEÇÕES COM VISTAS A CONTRIBUIR NA ESTRUTURAÇÃO DE DIAGNÓSTICOS ESTRATÉGICOS DA CIDADE DO RECIFE, QUE AUXILIARÃO, INCLUSIVE, NA ELABORAÇÃO DO PLANEJAMENTO ESTRATÉGICO 2025-2028";0.0;2024/07/25 09:00:00.000
"COMISSÃO PERMANENTE DE LICITAÇÃO  - EMPREL";2024;3;"PREGÃO ELETRÔNICO";3;2024;"EMPREL - EMPRESA MUNICIPAL DE INFORMÁTICA";"CONTRATACAO DE EMPRESA ESPECIALIZADA PARA PRESTACAO DE SERVICOS GERENCIADOS DE COMPUTACAO EM NUVEM, INCLUINDO A CONCEPCAO, PROJETO, PROVISIONAMENTO, CONFIGURACAO, MIGRACAO, SUPORTE, MANUTENCAO E GESTAO DE TOPOLOGIAS DE SERVICOS EM DOIS PROVEDORES DE NUVEM PUBLICA";0.0;2024/03/13 11:00:00.000
"GC-CONVIVA-001";2024;3;"CHAMAMENTO PÚBLICO";1;2024;"CONVIVA MERCADOS E FEIRAS - AUTARQUIA MUNICIPAL";"CONSTITUI OBJETO DE O PRESENTE TERMO DEFINIR AS CONDIÇÕES E ESPECIFICAÇÕES DA DELEGAÇÃO, A
TÍTULO PRECÁRIO, DA REQUALIFICAÇÃO E MANUTENÇÃO DO MOBILIÁRIO DA ÁREA DE ALIMENTAÇÃO EXTERNA E PRODUÇÃO E INSTALAÇÃO DE SINALIZAÇÃO PARA O MERCADO DA MADALENA, NESTE MUNICÍPIO DO RECIFE.";0.0;2024/12/03 17:00:00.000
"GC-CONVIVA-001";2024;4;"CHAMAMENTO PÚBLICO";2;2024;"CONVIVA MERCADOS E FEIRAS - AUTARQUIA MUNICIPAL";"CONSTITUI OBJETO DE O PRESENTE TERMO DEFINIR AS CONDIÇÕES E ESPECIFICAÇÕES DA DELEGAÇÃO, A
TÍTULO PRECÁRIO, DA REQUALIFICAÇÃO E MANUTENÇÃO DO MOBILIÁRIO DA ÁREA DE ALIMENTAÇÃO EXTERNA E PRODUÇÃO E INSTALAÇÃO DE SINALIZAÇÃO PARA O MERCADO DA MUSTARDINHA,, NESTE MUNICÍPIO DO RECIFE";0.0;2024/12/03 09:00:00.000
"GC-CONVIVA-001";2024;5;"CHAMAMENTO PÚBLICO";3;2024;"CONVIVA MERCADOS E FEIRAS - AUTARQUIA MUNICIPAL";"CONSTITUI OBJETO DE O PRESENTE TERMO DEFINIR AS CONDIÇÕES E ESPECIFICAÇÕES DA DELEGAÇÃO, A
TÍTULO PRECÁRIO, DA REQUALIFICAÇÃO E MANUTENÇÃO DO MOBILIÁRIO DA ÁREA DE ALIMENTAÇÃO EXTERNA E PRODUÇÃO E INSTALAÇÃO DE SINALIZAÇÃO PARA O MERCADO DE NOVA DESCOBERTA, NESTE MUNICÍPIO DO RECIFE";0.0;2024/12/03 09:00:00.000
"GC-SEPLAG-006";2024;1;"PREGÃO ELETRÔNICO";1;2024;"FUNDO MUNICIPAL DE SAUDE";"RP VALID DE 12 (DOZE) MESES PARA A CONTRATAÇÃO DE EMP ESPECI PARA PRESTAÇÃO DE SERV DE IMPRESSÃO DE ALTO VOLUME COM MANUTENÇÃO REVENT E CORRET FORNECIMENTO DE TONER CILINDRO REVELADOR PAPEL E DEMAIS INSUMOS NECESSÁRIOS NAS DEPENDÊNCIAS DA 
ADMINISTRAÇÃO COMO TENDO A OPERAÇÃO DAS IMPRESSÕES A CARGO DA CONTRATANTE PARA ATENDER AS NECESSIDADES DA SECRETARIA DE SAÚDE DA PREF DO REC.";3321060.0;2024/05/07 16:00:00.000
"GC-SEPLAG-006";2024;5;"CHAMAMENTO PÚBLICO";1;2024;"SECRETARIA DE ADMINISTRAÇÃO";"LOCAÇÃO DE IMÓVEL PARA INSTALAÇÃO, IMPLANTAÇÃO E FUNCIONAMENTO DA CENTRAL DE RELACIONAMENTO COM O CIDADÃO 156";155867.76;2024/06/27 17:00:00.000
"GC-SEPLAG-006";2024;10;"PREGÃO ELETRÔNICO";9;2024;"SECRETARIA DE EDUCAÇÃO";"REGISTRO DE PREÇOS PARA EVENTUAL CONTRATAÇÃO DE EMPRESA ESPECIALIZADA NA PRESTAÇÃO DE SERVIÇOS DE ORGANIZAÇÃO DE EVENTOS, SOB
DEMANDA, PARA ATENDIMENTO DE DEMANDAS E AÇÕES DA SECRETARIA DE EDUCAÇÃO DA CIDADE DO RECIFE, PELO PERÍODO DE 12 (DOZE) MESES.
SEI Nº 32.005801/2024-70";6569894.38;2025/08/07 10:00:00.000
"GC-SEPLAG-006";2024;15;"PREGÃO ELETRÔNICO";14;2024;"SECRETARIA DE ADMINISTRAÇÃO";"CONTRATAÇÃO DE EMPRESA ESPECIALIZADA NA PRESTAÇÃO DE SOLUÇÃO TECNOLÓGICA DE TELEFONIA IP EM NUVEM PARA O ATENDIMENTO MULTICANAL RECEPTIVO E ATIVO DA PREFEITURA DA CIDADE DO RECIFE, INCLUINDO CONSOLES DE OPERAÇÃO COM OS SERVIÇOS DE INSTALAÇÃO, CONFIGURAÇÃO, SUPORTE, MANUTENÇÃO E TREINAMENTO";9902261.33;2024/11/30 10:00:00.000
"GC-SEPLAG-008";2024;10;"CONCORRÊNCIA - ELETRÔNICA";2;2024;"SECRETARIA DE ADMINISTRAÇÃO";"CONTRATAÇÃO DE EMPRESA DE ENGENHARIA PARA PRESTAÇÃO DE SERVIÇOS DE EXECUÇÃO
DAS OBRAS DE CONSTRUÇÃO DO ARRECIFES IMBIRIBEIRA, LOCALIZADO NA CIDADE DO RECIFE";4554592.55;2024/04/23 14:00:00.000
"GC-SEPLAG-008";2024;12;"CONCORRÊNCIA - ELETRÔNICA";4;2024;"SECRETARIA DE ADMINISTRAÇÃO";"CONTRATAÇÃO DE EMPRESA DE ENGENHARIA PARA PRESTAÇÃO DE SERVIÇOS DE EXECUÇÃO
DAS OBRAS DE CONSTRUÇÃO DO ARRECIFES IPSEP-DANCING DAYS, LOCALIZADO NA CIDADE DO
RECIFE";3255524.76;2024/04/25 14:00:00.000
"GC-SEPLAG-008";2024;18;"PREGÃO ELETRÔNICO";6;2024;"SECRETARIA DE ESPORTES";"CONTRATAÇÃO ATRAVÉS DE REGISTRO DE PREÇOS DE EMPRESA PARA EXECUÇÃO DE SERVIÇOS DE MANUTENÇÃO DE CAMPOS DE GRAMA SINTÉTICA NAS ÁREAS ESPORTIVAS DO MUNICÍPIO DO RECIFE";3865518.14;2024/12/05 15:00:00.000
"GC-SEPLAG-008";2024;21;"PREGÃO ELETRÔNICO";9;2024;"FUNDO MUNICIPAL DE SAUDE";"REGISTRO DE PREÇO VISANDO FUTURA CONTRATAÇÃO DE SOLUÇÃO DE VIDEOMONITORAMENTO DE FORMA
CONTÍNUA, COMPOSTA DO FORNECIMENTO, INSTALAÇÃO E MANUTENÇÃO (PREVENTIVA E CORRETIVA) DE
EQUIPAMENTOS PELO PERÍODO DE 24 (VINTE E QUATRO ) MESES 1 (UM) LOTE 33 (TRINTA E TRÊS) ITENS.";19693693.84;2025/01/20 15:00:00.000
"GC-SEPUL-001";2024;1;"PREGÃO ELETRÔNICO";1;2024;"SECRETARIA DE DESENVOLVIMENTO URBANO E LICENCIAMENTO";"CONTRATAÇÃO DE SERVIÇO OPERACIONAL ESPECIALIZADO DE REMOÇÃO DE MATERIAL DE PUBLICIDADE EM ÁREA URBANA DE FORMA IRREGULAR";1642000.0;2024/05/30 17:00:00.000
"GC-SEPUL-001";2024;2;"PREGÃO ELETRÔNICO";2;2024;"SECRETARIA DE DESENVOLVIMENTO URBANO E LICENCIAMENTO";"CONTRATAÇÃO DE SERVIÇO OPERACIONAL ESPECIALIZADO DE REMOÇÃO DE MATERIAL DE PUBLICIDADE EM ÁREA URBANA DE FORMA IRREGULAR";1642000.0;2024/07/18 17:00:00.000
"COMISSÃO DE SELEÇÃO E JULGAMENTO DA SECRETARIA DE DIREITOS HUMANOS E JUVENTUDE";2025;1;"CHAMAMENTO PÚBLICO";1;2025;"FUNDO MUNICIPAL DOS DIREITOS DA PESSOA IDOSA";"CONTRATAÇÃO DE PROFISSIONAIS ESPECIALIZADOS EM ANÁLISE, CLASSIFICAÇÃO, AVALIAÇÕES E EMISSÃO DE PARECER TÉCNICO SOBRE PROPOSTAS DE PROJETOS SOCIAIS APRESENTADOS AOS EDITAIS DE CHAMAMENTOS PÚBLICOS DO CONSELHO MUNICIPAL DOS DIREITOS DA PESSOA IDOSA DO RECIFE";30000.0;2025/08/04 08:00:00.000
"COMISSÃO PERMANENTE DE LICITAÇÃO  - EMPREL";2025;1;"CHAMAMENTO PÚBLICO";1;2025;"EMPREL - EMPRESA MUNICIPAL DE INFORMÁTICA";"LANCAMENTO DO 3º CICLO DE INOVACAO ABERTA DO RECIFE - EITA CONTEMPLANDO 2 (DUAS) MACRO FASES DESAFIOS E PROTOTIPAGEM";0.0;2025/05/14 23:59:00.000
"COMISSÃO PERMANENTE DE LICITAÇÃO  - EMPREL";2025;3;"PREGÃO ELETRÔNICO";2;2025;"EMPREL - EMPRESA MUNICIPAL DE INFORMÁTICA";"REGISTRO DE PRECOS PARA A CONTRATACAO DE EMPRESA ESPECIALIZADA PARA FORNECIMENTO E GERENCIAMENTO DA SEGURANCA DE REDE COM A ALOCACAO DE SOLUCAO INTEGRADA DE 	SOFTWARE E HARDWARE COM FUNCIONALIDADES DE FIREWALL";0.0;2025/07/15 11:00:00.000
"COMISSÃO PERMANENTE DE LICITAÇÃO  - EMPREL";2025;4;"LEILÃO - ELETRÔNICO";1;2025;"EMPREL - EMPRESA MUNICIPAL DE INFORMÁTICA";"ALIENAÇAO DE BENS MOVEIS INSERVIVEIS PERTENCENTES AO PATRIMONIO DA EMPREL  – EMPRESA MUNICIPAL DE INFORMATICA.";0.0;2025/06/26 10:00:00.000
"COMISSÃO PERMANENTE DE LICITAÇÃO  - EMPREL";2025;5;"CHAMAMENTO PÚBLICO";2;2025;"EMPREL - EMPRESA MUNICIPAL DE INFORMÁTICA";"CREDENCIAMENTO PARA FORNECIMENTO DE MATERIAL NO FORMATO DE KITS PARA OS EMPREENDEDORES QUE SE ENQUADRAREM NO CREDPOP - CREDITO POPULAR DO RECIFE";0.0;2026/01/15 23:59:00.000
"COMISSÃO PERMANENTE DE LICITAÇÃO  - EMPREL";2025;6;"CHAMAMENTO PÚBLICO";3;2025;"EMPREL - EMPRESA MUNICIPAL DE INFORMÁTICA";"OPORTUNIDADES DE NEGÓCIOS ATRAVÉS DE EMPRESAS LEGALMENTE CONSTITUÍDAS, QUE APRESENTEM SOLUÇÕES TECNOLÓGICAS VOLTADAS À MELHORIA DO ATENDIMENTO AO CIDADÃO, COMPREENDENDO INICIATIVAS QUE PROMOVAM A QUALIDADE, ACESSIBILIDADE, EFICIÊNCIA, TRANSPARÊNCIA, SEGURANÇA E CIBERSEGURANÇA DOS SERVIÇOS PÚBLICOS, CAPAZES DE AGREGAR VALOR À ATUAÇÃO DA EMPREL.";0.0;2025/10/27 23:59:00.000
"GC-CTTU-002";2025;5;"PREGÃO ELETRÔNICO";4;2025;"CTTU - AUTARQUIA DE TRÂNSITO E TRANSPORTE URBANO DO RECIFE";"CONTRATAÇÃO DE EMPRESA ESPECIALIZADA EM SERVIÇOS E CONFECÇÃO DE MATERIAL GRÁFICO, COMO A ÁREA DE EDUCAÇÃO NO TRÂNSITO, VOLTA ÀS AULAS, CARNAVAL, MAIO AMARELO E SEMANA NACIONAL DE TRÂNSITO, VISANDO ATENDER AS DEMANDAS DESTA AUTARQUIA DE TRÂNSITO.";1762952.02;2025/08/07 10:00:00.000
"GC-CTTU-002";2025;6;"PREGÃO ELETRÔNICO";5;2025;"CTTU - AUTARQUIA DE TRÂNSITO E TRANSPORTE URBANO DO RECIFE";"REGISTRO DE PREÇOS PARA PRESTAÇÃO DE SERVIÇOS, COM DISPONIBILIZAÇÃO, INSTALAÇÃO, MANUTENÇÃO E OPERAÇÃO DE EQUIPAMENTOS DE FISCALIZAÇÃO ELETRÔNICA EM CORREDORES DE CIRCULAÇÃO EXCLUSIVA, COM RESTRIÇÃO DE CIRCULAÇÃO E CICLOFAIXAS NA CIDADE DO RECIFE, COM SEUS RESPECTIVOS APLICATIVOS PARA ANÁLISE DE DADOS E IMAGENS.";9836184.0;2025/08/05 10:00:00.000
"GC-EMLURB-001";2025;2;"CONCORRÊNCIA - ELETRÔNICA";2;2025;"EMLURB - AUTARQUIA DE MANUTENÇÃO E LIMPEZA URBANA";"CONTRATAÇÃO DE EMPRESA DE ENGENHARIA PARA REALIZAÇÃO DE SERVIÇOS DE APOIO TÉCNICO,
ANÁLISE DE PROJETOS, FISCALIZAÇÃO, SUPERVISÃO E GERENCIAMENTO DE OBRAS NA CIDADE DO
RECIFE/PE.";5878654.14;2025/07/07 17:00:00.000
"GC-EMLURB-001";2025;5;"CONCORRÊNCIA - ELETRÔNICA";5;2025;"EMLURB - AUTARQUIA DE MANUTENÇÃO E LIMPEZA URBANA";"CONTRATAÇÃO DE EMPRESAS ESPECIALIZADAS EM ELABORAÇÃO PROJETOS EXECUTIVOS DE ENGENHARIA
PARA MITIGAÇÃO DE PONTOS CRÍTICOS DE ALAGAMENTOS EM VÁRIAS ÁREAS E VIAS URBANAS DA CIDADE DO RECIFE - DIVIDIDO EM DOIS LOTES.";1356623.03;2025/05/29 17:00:00.000
"GC-EMLURB-001";2025;8;"CONCORRÊNCIA - ELETRÔNICA";8;2025;"EMLURB - AUTARQUIA DE MANUTENÇÃO E LIMPEZA URBANA";"CONTRATAR UMA EMPRESA ESPECIALIZADA NA PRESTAÇÃO DE SERVIÇOS DE ENGENHARIA AGRONÔMICA VOLTADA À MANUTENÇÃO DA ARBORIZAÇÃO URBANA NO MUNICÍPIO DO RECIFE.";26660810.52;2025/07/31 17:00:00.000
"GC-EMLURB-001";2025;9;"CONCORRÊNCIA - ELETRÔNICA";9;2025;"EMLURB - AUTARQUIA DE MANUTENÇÃO E LIMPEZA URBANA";"CONTRATAÇÃO DE EMPRESA DE ENGENHARIA, PARA EXECUÇÃO DAS OBRAS DE ADEQUAÇÃO DE DRENAGEM E PAVIMENTAÇÃO EM DIVERSAS RUAS DA CIDADE DO RECIFE. LICITAÇÃO DIVIDIDA EM TRES LOTES DISTINTOS, COM USO DE RECURSOS FINANCEIROS DA UNIÃO.";14665506.68;2025/09/02 17:00:00.000
"GC-EMLURB-001";2025;10;"CONCORRÊNCIA - ELETRÔNICA";10;2025;"EMLURB - AUTARQUIA DE MANUTENÇÃO E LIMPEZA URBANA";"CONTRATAÇÃO DE EMPRESA DE ENGENHARIA, ESPECIALIZADA EM ILUMINAÇÃO PÚBLICA,
PARA A REALIZAÇÃO DE MANUTENÇÃO CONTÍNUA, PREVENTIVA E CORRETIVA, DO SISTEMA
DE ILUMINAÇÃO PÚBLICA DAS RPAS DO MUNICÍPIO DO RECIFE, EM POSTES ACIMA DE 12
METROS DE ALTURA E CONVENCIONAL.";32765506.88;2025/08/18 17:00:00.000
"GC-EMLURB-001";2025;11;"CONCORRÊNCIA - ELETRÔNICA";11;2025;"EMLURB - AUTARQUIA DE MANUTENÇÃO E LIMPEZA URBANA";"CONTRATAÇÃO DE EMPRESA DE ENGENHARIA PARA EXECUÇÃO DAS OBRAS DE QUALIFICAÇÃO DE REDE DE
DRENAGEM E PAVIMENTAÇÃO, DA RUA SÃO FRANCISCO DE PAULA – CAXANGÁ, RECIFE-PE.";4147748.6;2025/08/26 17:00:00.000
"GC-EMLURB-001";2025;12;"CONCORRÊNCIA - ELETRÔNICA";12;2025;"EMLURB - AUTARQUIA DE MANUTENÇÃO E LIMPEZA URBANA";"REGISTRO DE PREÇO PARA FORNECIMENTO, INSTALAÇÃO E MANUTENÇÃO DE GRADIL DE PROTEÇÃO MODULAR METÁLICO DO TIPO 3D GALVANIZADO REVESTIDO EM POLIESTER RECIFE/PE.";2588974.0;2025/08/25 17:00:00.000
"GC-EMLURB-001";2025;13;"CONCORRÊNCIA - ELETRÔNICA";13;2025;"EMLURB - AUTARQUIA DE MANUTENÇÃO E LIMPEZA URBANA";"CONTRATAÇÃO DE EMPRESA DE ENGENHARIA PARA COMPLEMENTAÇÃO DA INFRAESTRUTURA
URBANÍSTICA E PAISAGÍSTICA DO PARQUE DA TAMARINEIRA (2ª ETAPA), INCLUINDO A AMPLIAÇÃO
DAS ÁREAS DE USO PÚBLICO, ACESSIBILIDADE E IMPLANTAÇÃO DE ELEMENTOS INTEGRADORES
À ETAPA ANTERIORMENTE EXECUTADA.";22167250.33;2025/08/21 17:00:00.000
"GC-EMLURB-001";2025;14;"CONCORRÊNCIA - ELETRÔNICA";14;2025;"EMLURB - AUTARQUIA DE MANUTENÇÃO E LIMPEZA URBANA";": REGISTRO DE PREÇO PARA FORNECIMENTO E INSTALAÇÃO DE SISTEMAS DE CONTÊINERES
SOTERRADOS PARA ARMAZENAMENTO DE RESÍDUOS SÓLIDOS URBANOS E CONSTRUÇÃO DE CAIXAS DE
SUPORTE NA CIDADE DO RECIFE-PE";4232926.92;2025/09/09 17:00:00.000
"GC-EMLURB-002";2025;12;"PREGÃO ELETRÔNICO";11;2025;"EMLURB - AUTARQUIA DE MANUTENÇÃO E LIMPEZA URBANA";"AQUISIÇÃO DE BENS PERMANENTES";503534.48;2025/08/26 16:00:00.000
"GC-EMLURB-002";2025;14;"PREGÃO ELETRÔNICO";13;2025;"EMLURB - AUTARQUIA DE MANUTENÇÃO E LIMPEZA URBANA";"AQUISIÇÃO DE BENS DIVERSOS ( FERRAGENS, DISCOS, ELETRODOS, TINTAS E COMPLEMENTOS PARA
PINTURA, PARAFUSOS, PORCAS E ARRUELAS, MESAS E BANCO EM GRANILITE), PARA MANUTENÇÃO,
CONSERVAÇÃO E CONSTRUÇÃO DE EQUIPAMENTOS DE USO EM DIVERSOS ESPAÇOS PÚBLICOS
NA CIDADE DO RECIFE";2549938.2;2025/08/07 16:00:00.000
"GC-FCCR-001";2025;1;"CONCORRÊNCIA - ELETRÔNICA";1;2025;"FCCR - FUNDACAO DE CULTURA CIDADE DO RECIFE";"“CONTRATAÇÃO DE SERVIÇOS
ESPECIALIZADOS DE ENGENHARIA CONSULTIVA PARA ELABORAÇÃO DE
PROJETO EXECUTIVO DE ARQUITETURA, ENGENHARIA E COMPLEMENTARES
PARA REFORMA DO TEATRO SANTA ISABEL, COM DIAGNÓSTICO, EMISSÃO DE
LAUDO, RESTAURO E COMPATIBILIDADE TÉCNICA COM O IPHAN - LOTE ÚNICO";788418.26;2025/06/25 09:00:00.000
"GC-FCCR-001";2025;4;"PREGÃO ELETRÔNICO";3;2025;"FCCR - FUNDACAO DE CULTURA CIDADE DO RECIFE";"CONTRATAÇÃO DE SERVIÇOS DE MONTAGEM, CESSÃO, MANUTENÇÃO E DESMONTAGEM DOS ELEMENTOS QUE COMPÕEM A DECORAÇÃO - ILUMINAÇÃO PAISAGÍSTICA E ELEMENTOS POSTE, QUE SERÃO UTILIZADOS DURANTE O CICLO NATALINO 2025, VISANDO ATENDIMENTO DA DEMANDA DA FUNDAÇÃO DE CULTURA DA CIDADE DO RECIFE";1743365.81;2025/09/04 09:00:00.000
"GC-FCCR-002";2025;2;"PREGÃO ELETRÔNICO";2;2025;"FCCR - FUNDACAO DE CULTURA CIDADE DO RECIFE";"CONTRATAÇÃO DE SEGURO PREDIAL PARA OS BENS IMÓVEIS ADMINISTRADOS PELA FUNDAÇÃO DE CULTURA
DA CIDADE DO RECIFE – FCCR - LOTE ÚNICO.";301681.47;2025/09/02 09:00:00.000
"GC-FCCR-002";2025;3;"PREGÃO ELETRÔNICO";3;2025;"FCCR - FUNDACAO DE CULTURA CIDADE DO RECIFE";"CONTRATAÇÃO DE SERVIÇOS DE MONTAGEM, CESSÃO, MANUTENÇÃO E DESMONTAGEM DOS ELEMENTOS QUE COMPÕEM A DECORAÇÃO - CONJUNTO ESTRUTURAL DECORATIVO METÁLICO PRINCIPAL E BASE, QUE SERÃO UTILIZADOS
DURANTE O CICLO NATALINO 2025";597006.43;2025/09/08 09:00:00.000
"GC-PROMORAR-001";2025;3;"NCB (CONC.PÚB.DIV.NACIONAL P/AQ.BENS CONTR.OBRAS)";3;2025;"PROMORAR RECIFE";"CONTRATAÇÃO DE EMPRESA DE ENGENHARIA PARA EXECUÇÃO DE OBRAS E SERVIÇOS DE CONTENÇÃO E ESTABILIZAÇÃO DE ENCOSTAS E URBANIZAÇÃO INTEGRADA DE ÁREAS DE VULNERABILIDADE SOCIOAMBIENTAL, LOCALIZADAS NOS BAIRROS DE DOIS UNIDOS, ÁGUA FRIA E BREJO DA GUABIRABA, NA CIDADE DE RECIFE/PE.";41468893.03;2025/05/06 10:00:00.000
"GC-PROMORAR-001";2025;4;"SBQC  (SELEÇÃO BASEADA NA QUALIDADE E CUSTO)";1;2025;"PROMORAR RECIFE";"CONTRATAÇÃO DOS SERVIÇOS ESPECIALIZADOS DE SUPERVISÃO E FISCALIZAÇÃO DAS OBRAS DE URBANIZAÇÃO E INFRAESTRUTURA DAS COMUNIDADES DE IRMÃ DOROTHY, BEIRA DE MARÉ, NOVA ESPERANÇA E ARITANA, QUE PERFAZEM A COMUNIDADE DO BEM, LOCALIZADAS NO BAIRRO DA IMBIRIBEIRA - RECIFE/PE";8817780.6;2025/05/03 09:00:00.000
"GC-PROMORAR-001";2025;7;"CONVITE";1;2025;"PROMORAR RECIFE";"CONTRATAÇÃO DE EMPRESA DE ENGENHARIA PARA EXECUÇÃO DE OBRAS E SERVIÇOS NECESSÁRIOS PARA EXECUÇÃO DA AMPLICAÇÃO E REFORMA DO GABINETE DE GERENCIAMENTO DO PROGRAMA DE REQUALIFICAÇÃO E
RESILIÊNCIA URBANA EM ÁREAS DE VULNERABILIDADE SOCIAMBIENTAL – PROMORAR RECIFE";295299.87;2025/08/19 11:00:00.000
"GC-PROMORAR-001";2025;8;"NCB (CONC.PÚB.DIV.NACIONAL P/AQ.BENS CONTR.OBRAS)";6;2025;"PROMORAR RECIFE";"CONTRATAÇÃO DE EMPRESA DE ENGENHARIA PARA EXECUÇÃO DE OBRAS E SERVIÇOS DE CONTENÇÃO E ESTABILIZAÇÃO DE ENCOSTAS E DA URBANIZAÇÃO INTEGRADA DA ÁREA DE VULNERABILIDADE SOCIOAMBIENTAL - LOTE 22, LOCALIZADA NOS BAIRROS DO PASSARINHO, DOIS IRMÃOS, NOVA DESCOBERTA, VASCO DA GAMA, BREJO DA GUABIRABA, MANGABEIRA E DOIS UNIDOS, NA CIDADE DE RECIFE/PE";18710197.49;2025/08/28 11:00:00.000
"GC-PROMORAR-001";2025;9;"NCB (CONC.PÚB.DIV.NACIONAL P/AQ.BENS CONTR.OBRAS)";7;2025;"PROMORAR RECIFE";"CONTRATAÇÃO DE EMPRESA DE ENGENHARIA PARA EXECUÇÃO DE OBRAS E SERVIÇOS DE CONTENÇÃO E ESTABILIZAÇÃO DE ENCOSTAS E DA URBANIZAÇÃO INTEGRADA DA ÁREA DE VULNERABILIDADE SOCIOAMBIENTAL – LOTE 24, LOCALIZADA NOS BAIRROS DE ÁGUA FRIA, ALTO JOSÉ BONIFÁCIO, DOIS UNIDOS, NOVA DESCOBERTA, SÍTIO DOS PINTOS E VASCO DA GAMA, NA CIDADE DO RECIFE/PE";39142177.71;2025/08/28 11:00:00.000
"GC-PROMORAR-001";2025;10;"NCB (CONC.PÚB.DIV.NACIONAL P/AQ.BENS CONTR.OBRAS)";8;2025;"PROMORAR RECIFE";"CONTRATAÇÃO DE EMPRESA DE ENGENHARIA PARA EXECUÇÃO DE OBRAS E SERVIÇOS DE CONTENÇÃO E ESTABILIZAÇÃO DE ENCOSTAS E DA URBANIZAÇÃO INTEGRADA DA ÁREA DE VULNERABILIDADE SOCIOAMBIENTAL – LOTE 23, LOCALIZADA NOS BAIRROS DA COHAB, COQUEIRAL, JORDÃO E VÁRZEA, NA CIDADE DO RECIFE/PE";30604621.4;2025/08/30 11:00:00.000
"GC-PROMORAR-001";2025;11;"SBQC  (SELEÇÃO BASEADA NA QUALIDADE E CUSTO)";2;2025;"PROMORAR RECIFE";"CONTRATAÇÃO DOS SERVIÇOS ESPECIALIZADOS DE SUPERVISÃO E FISCALIZAÇÃO DAS OBRAS DE CONTENÇÃO DE ENCOSTAS E URBANIZAÇÃO EM ÁREAS DE VULNERABILIDADE SOCIOAMBIENTAL EM TRÊS LOTES";5403441.1;2025/10/01 10:00:00.000
"GC-SEPE-002";2025;1;"PREGÃO ELETRÔNICO";1;2025;"SECRETARIA DE PROJETOS ESPECIAIS";"AQUISIÇÃO COM INSTALAÇÃO DE EQUIPAMENTOS MOBILIÁRIOS PARA IMPLEMENTAÇÃO DO PROJETO DA
4ª ETAPA DA ORLA";6421286.92;2025/08/25 12:30:00.000
"GC-SEPE-002";2025;2;"PREGÃO ELETRÔNICO";2;2025;"SECRETARIA DE PROJETOS ESPECIAIS";"CONTRATAÇÃO DE EMPRESA ESPECIALIZADA PARA FORNECIMENTO E INSTALAÇÃO DE MOBILIÁRIOS E EQUIPAMENTOS PARA O COMPLEXO DE CONVIVÊNCIA E LAZER PARA PESSOA IDOSA";181397.81;2025/09/04 16:00:00.000
"GC-SEPLAG-001";2025;16;"PREGÃO ELETRÔNICO";15;2025;"SECRETARIA DE EDUCAÇÃO";"AQUISIÇÃO DE UNIFORME ESCOLAR, EM 04 (QUATRO) LOTES, TOTALIZANDO 12 (DOZE) ITENS, VISANDO ATENDER ÀS UNIDADES DE EDUCACIONAIS DA REDE MUNICIPAL DE ENSINO DO RECIFE, PELO PERÍODO DE 12 (DOZE) MESES.";12984461.42;2025/08/02 22:00:00.000
"GC-SEPLAG-001";2025;18;"PREGÃO ELETRÔNICO";17;2025;"FUNDO MUNICIPAL DE ASSISTÊNCIA SOCIAL - FMAS";"REGISTRO DE PREÇOS, PELO PERÍODO DE 12 (DOZE) MESES, PARA A AQUISIÇÃO DE CARNES E FRIOS, EM 9 (NOVE) LOTES, TOTALIZANDO 21 (VINTE E UM) ITENS, PARA ATENDER ÀS NECESSIDADES DAS CASAS DE ACOLHIMENTO DA ALTA COMPLEXIDADE, COZINHA
COMUNITÁRIA E COZINHA EMERGENCIAL DA SECRETARIA DE ASSISTÊNCIA SOCIAL E COMBATE À FOME (SAS)
DA PREFEITURA DO RECIFE";955333.87;2025/07/15 17:00:00.000
"GC-SEPLAG-001";2025;19;"LEILÃO - ELETRÔNICO";2;2025;"SECRETARIA DE ADMINISTRAÇÃO";"LEILÃO DE BENS MÓVEIS INSERVÍVEIS PORÉM CONSIDERADOS INSERVÍVEIS OU DE RECUPERAÇÃO ANTIECONÔMICA PARA O USO DO MUNICÍPIO.";79847.0;2025/08/08 10:00:00.000
"GC-SEPLAG-001";2025;20;"PREGÃO ELETRÔNICO";18;2025;"FUNDO MUNICIPAL DE ASSISTÊNCIA SOCIAL - FMAS";"REGISTRO DE PREÇOS, PELO PERÍODO DE 12 (DOZE) MESES, PARA AQUISIÇÃO DE MESAS E CADEIRAS, COM 04 (QUATRO) LOTES, TOTALIZANDO 10 (DEZ) ITENS, PARA A SECRETARIA DE ASSISTÊNCIA SOCIAL E COMBATE À FOME.";442929.42;2025/08/14 10:00:00.000
"GC-SEPLAG-001";2025;21;"PREGÃO ELETRÔNICO";19;2025;"SECRETARIA DE DESENVOLVIMENTO URBANO E LICENCIAMENTO";"PERMISSÃO DE USO ONEROSA DO CAIS DO IMPERADOR";219000.0;2025/08/28 07:00:00.000
"GC-SEPLAG-002";2025;22;"PREGÃO ELETRÔNICO";22;2025;"FUNDO MUNICIPAL DE SAUDE";"REGISTRO DE PREÇOS, COM VALIDADE DE 12 (DOZE) MESES, PARA AQUISIÇÃO DE MATERIAL MÉDICO HOSPITALAR,  EM 11 (ONZE) LOTES, TOTALIZANDO 11 (ONZE) ITENS, PARA ATENDER AS NECESSIDADES DA SECRETARIA DE SAÚDE DA PREFEITURA DO RECIFE";143970.32;2025/07/28 17:00:00.000
"GC-SEPLAG-002";2025;23;"PREGÃO ELETRÔNICO";23;2025;"FUNDO MUNICIPAL DE SAUDE";"REGISTRO DE PREÇOS, COM VALIDADE DE 12 (DOZE) MESES, PARA  AQUISIÇÃO DE MATERIAIS MÉDICO-HOSPITALARES – 18 (DEZOITO) LOTES E 18 (DEZOITO) ITENS, VISANDO  ATENDIMENTO DE DEMANDA DA SECRETARIA DE SAÚDE DA PREFEITURA DO RECIFE";1655665.35;2025/07/31 17:00:00.000
"GC-SEPLAG-002";2025;25;"PREGÃO ELETRÔNICO";25;2025;"FUNDO MUNICIPAL DE SAUDE";"REGISTRO DE PREÇOS, COM VALIDADE DE 12 (DOZE) MESES, PARA AQUISIÇÃO DE MATERIAL MÉDICO HOSPITALAR, EM 9 (NOVE) LOTES, TOTALIZANDO 9 (NOVE) ITENS, PARA ATENDER AS NECESSIDADES DA SECRETARIA DE SAÚDE DA PREFEITURA DO RECIFE";7155660.82;2025/08/11 17:00:00.000
"GC-SEPLAG-002";2025;26;"PREGÃO ELETRÔNICO";26;2025;"FUNDO MUNICIPAL DE SAUDE";"REGISTRO DE PREÇOS, COM VALIDADE DE 12 (DOZE) MESES, PARA 
AQUISIÇÃO DE MATERIAIS MÉDICO-HOSPITALARES – 13 (TREZE) LOTES E 13 (TREZE) ITENS, VISANDO 
ATENDIMENTO DE DEMANDA DA SECRETARIA DE SAÚDE DA PREFEITURA DO RECIFE";211699.44;2025/08/14 17:00:00.000
"GC-SEPLAG-002";2025;27;"PREGÃO ELETRÔNICO";27;2025;"FUNDO MUNICIPAL DE SAUDE";"O REGISTRO DE PREÇOS, COM VALIDADE DE 12 (DOZE) MESES, PARA AQUISIÇÃO DE 
MEDICAMENTOS – 11 (ONZE) LOTES E 11 (ONZE), VISANDO ATENDIMENTO DE DEMANDA DA SECRETARIA DE SAÚDE DA 
PREFEITURA DO RECIFE";852430.72;2025/08/18 17:00:00.000
"GC-SEPLAG-002";2025;28;"PREGÃO ELETRÔNICO";28;2025;"FUNDO MUNICIPAL DE SAUDE";"AQUISIÇÃO DE MEDICAMENTOS – 11 (ONZE) LOTES E 11 (ONZE), VISANDO ATENDIMENTO DE DEMANDA DA SECRETARIA DE SAÚDE DA PREFEITURA DO RECIFE, EM CONFORMIDADE COM AS ESPECIFICAÇÕES, CONDIÇÕES E QUANTIDADES, A SEREM ESTABELECIDAS NESTE INSTRUMENTO.";860574.26;2025/08/25 17:00:00.000
"GC-SEPLAG-002";2025;29;"PREGÃO ELETRÔNICO";29;2025;"FUNDO MUNICIPAL DE SAUDE";"REGISTRO DE PREÇOS, COM VALIDADE DE 12 (DOZE) MESES, PARA AQUISIÇÃO DE MATERIAL MÉDICO HOSPITALAR  01 (UM) LOTE E 01 (UM) ITEM, VISANDO ATENDIMENTO DE DEMANDA DA SECRETARIA DE SAÚDE DA PREFEITURA DO RECIFE";699674.94;2025/09/08 17:00:00.000
"GC-SEPLAG-003";2025;18;"PREGÃO ELETRÔNICO";17;2025;"FUNDO MUNICIPAL DE SAUDE";"REGISTRO DE PREÇOS, COM VALIDADE DE 12 (DOZE) MESES, PARA AQUISIÇÃO DE MATERIAL MÉDICO HOSPITALAR,  EM 23 (VINTE E TRÊS) LOTES, TOTALIZANDO 23 (VINTE E TRÊS) ITENS, PARA ATENDER AS NECESSIDADES DA SECRETARIA DE SAÚDE DA PREFEITURA DO RECIFE";2937779.53;2025/07/15 17:00:00.000
"GC-SEPLAG-003";2025;22;"PREGÃO ELETRÔNICO";21;2025;"FUNDO MUNICIPAL DE SAUDE";"REGISTRO DE PREÇOS, COM VALIDADE DE 12 (DOZE) MESES, PARA AQUISIÇÃO DE 
MEDICAMENTOS – 11 (ONZE) LOTES E 11 (ONZE), VISANDO ATENDIMENTO DE DEMANDA DA SECRETARIA DE SAÚDE DA 
PREFEITURA DO RECIFE";6127864.0;2025/08/14 17:00:00.000
"GC-SEPLAG-003";2025;23;"PREGÃO ELETRÔNICO";22;2025;"FUNDO MUNICIPAL DE SAUDE";"REGISTRO DE PREÇOS, COM VALIDADE DE 12 (DOZE) MESES, PARA AQUISIÇÃO DE MATERIAL MÉDICO HOSPITALAR, EM 10 (DEZ) LOTES, TOTALIZANDO 10 (DEZ) ITENS, PARA ATENDER AS NECESSIDADES DA SECRETARIA DE SAÚDE DA PREFEITURA DO RECIFE";102038.22;2025/08/21 17:00:00.000
"GC-SEPLAG-003";2025;24;"PREGÃO ELETRÔNICO";23;2025;"FUNDO MUNICIPAL DE SAUDE";"REGISTRO DE PREÇOS, COM VALIDADE DE 12 (DOZE) MESES, PARA AQUISIÇÃO DE MEDICAMENTOS,  EM 15 (QUINZE) LOTES, TOTALIZANDO 15 (QUINZE) ITENS, PARA ATENDER AS NECESSIDADES DA SECRETARIA DE SAÚDE DA PREFEITURA DO RECIFE";10402603.86;2025/08/28 17:00:00.000
"GC-SEPLAG-004";2025;2;"PREGÃO ELETRÔNICO";2;2025;"SECRETARIA DE PLANEJAMENTO E GESTÃO";"REGISTRO DE PREÇO PELO PRAZO DE 12 MESES VISANDO A CONTRATAÇÃO DE EMPRESA PARA A PRESTAÇÃO DE SERVIÇOS CONTÍNUOS DE APOIO ADMINISTRATIVO COM DEDICAÇÃO EXCLUSIVA DE MÃO DE OBRA, EM 4 LOTES, PARA SATISFAZER AS NECESSIDADES DOS ÓRGÃOS E ENTIDADES DA PREFEITURA DO RECIFE.";69237794.28;2025/04/14 17:00:00.000
"GC-SEPLAG-004";2025;6;"PREGÃO ELETRÔNICO";6;2025;"FUNDO MUNICIPAL DE SAUDE";"REGISTRO DE PREÇO PARA CADEIRAS, ENGLOBANDO: LONGARINAS, CADEIRAS FIXAS, CADEIRAS GIRATÓRIAS, POLTRONAS, SOFÁS, CADEIRAS UNIVERSITÁRIAS E PARA AUDITÓRIO COM ENTREGA E MONTAGEM, EM 3 (TRÊS) LOTES, TOTALIZANDO 16 (DEZESSEIS) ITENS, PARA ATENDER AS NECESSIDADES DA SECRETARIA DE SAÚDE DA CIDADE DO RECIFE.";9991595.97;2025/06/02 17:00:00.000
"GC-SEPLAG-004";2025;9;"PREGÃO ELETRÔNICO";9;2025;"SECRETARIA DE TURISMO E LAZER";"SERVIÇO REFERENTE À POSTO DE VIGILANCIA DESARMADA 12 HORAS NOTURNAS/DIURNAS";1178159.8;2025/07/21 17:00:00.000
"GC-SEPLAG-004";2025;10;"PREGÃO ELETRÔNICO";10;2025;"FUNDO MUNICIPAL DE SAUDE";"REGISTRO DE PREÇOS, COM VALIDADE DE 12 (DOZE) MESES, PARA AQUISIÇÃO DE EQUIPAMENTOS HOSPITALARES DE OTORRINOLARINGOLOGIA, 02 (DOIS) LOTES, TOTALIZANDO 05 (CINCO) ITENS, PARA ATENDER AS NECESSIDADES DA SECRETARIA DE SAÚDE DA CIDADE DO RECIFE.";7063271.09;2025/07/31 17:00:00.000
"GC-SEPLAG-004";2025;11;"PREGÃO ELETRÔNICO";11;2025;"FUNDO MUNICIPAL DE SAUDE";"REGISTRO DE PREÇOS, COM VALIDADE DE 12 (DOZE) MESES, PARA AQUISIÇÃO DE MATERIAL MÉDICO HOSPITALAR, COM 06 (SEIS) LOTES, TOTALIZANDO 06 (SEIS) ITENS, PARA ATENDER AS NECESSIDADES DA SECRETARIA DE SAÚDE DA PREFEITURA DO RECIFE";44395.26;2025/07/15 17:00:00.000
"GC-SEPLAG-004";2025;12;"PREGÃO ELETRÔNICO";12;2025;"FUNDO MUNICIPAL DE ASSISTÊNCIA SOCIAL - FMAS";"REGISTRO DE PREÇOS, PELO PERÍODO DE 12 (DOZE) MESES, PARA AQUISIÇÃO DE MATERIAL DE EXPEDIENTE COM 66(SESSENTA E SEIS) LOTES, TOTALIZANDO 281(DUZENTOS E OITENTA E UM) ITENS, PARA A SECRETARIA DE ASSISTÊNCIA SOCIAL E COMBATE À FOME.";3543398.79;2025/08/18 17:00:00.000
"GC-SEPLAG-004";2025;13;"PREGÃO ELETRÔNICO";13;2025;"FUNDO MUNICIPAL DE SAUDE";"REGISTRO DE PREÇOS, COM VALIDADE DE 12 (DOZE) MESES, PARA AQUISIÇÃO DE ARCO CIRURGICO – 01 (UM) LOTE, 01 (UM) ITEM, PARA ATENDER AS NECESSIDADES DO HOSPITAL DA CRIANÇA DA SECRETARIA DE SAÚDE DO RECIFE, NOS TERMOS E CONDIÇÕES ESTABELECIDAS NESTE INSTRUMENTO.";1312601.15;2025/09/04 17:00:00.000
"GC-SEPLAG-005";2025;15;"PREGÃO ELETRÔNICO";15;2025;"FUNDO MUNICIPAL DE SAUDE";"REGISTRO DE PREÇOS, PELO PERÍODO DE 12 MESES, PARA CONTRATAÇÃO DE FORNECIMENTO DE 10 LOTES COM 65 ITENS DE USO CONTÍNUO PARA O SETOR DE MICROBIOLOGIA CLÍNICA E BROMATOLOGIA DO DEPARTAMENTO DE
ANÁLISES CLÍNICAS DO LABORATÓRIO MUNICIPAL DO RECIFE – LMSP O LABORATÓRIO MUNICIPAL É O EQUIPAMENTO DA PREFEITURA DA CIDADE DO RECIFE";860998.42;2025/09/05 10:00:00.000
"GC-SEPLAG-005";2025;16;"PREGÃO ELETRÔNICO";16;2025;"FUNDO MUNICIPAL DE SAUDE";"REGISTRO DE PREÇOS, PELO PERÍODO DE 12 (DOZE) MESES, PARA A AQUISIÇÃO DE MATERIAL DE ESCRITÓRIO EM 6 (SEIS) LOTES, TOTALIZANDO 72 (SETENTAE DOIS) ITENS, A FIM DE ABASTECER TODA REDE MUNICIPAL DE SAÚDE DO RECIFE";589652.93;2025/07/17 14:00:00.000
"GC-SEPLAG-005";2025;17;"PREGÃO ELETRÔNICO";17;2025;"FUNDO MUNICIPAL DE SAUDE";"REGISTRO DE PREÇOS, COM VALIDADE DE 12 (DOZE) MESES, PARA AQUISIÇÃO DE MATERIAL MÉDICO HOSPITALAR, EM 14 (QUATORZE) LOTES, TOTALIZANDO 14 (QUATORZE) ITENS, PARA ATENDER AS NECESSIDADES DA SECRETARIA DE SAÚDE DA PREFEITURA DO RECIFE";466233.76;2025/08/12 10:00:00.000
"GC-SEPLAG-005";2025;18;"PREGÃO ELETRÔNICO";18;2025;"FUNDO MUNICIPAL DE ASSISTÊNCIA SOCIAL - FMAS";"REGISTRO DE PREÇO, PELO PERÍODO DE 12 (DOZE) MESES, PARA A AQUISIÇÃO DE DESCARTÁVEIS, EM 2 (DOIS) LOTES, TOTALIZANDO 36 (TRINTA E SEIS) ITENS, PARA ATENDER ÀS NECESSIDADES DA SECRETARIA DE ASSISTÊNCIA SOCIAL E COMBATE À FOME (SAS).";487256.13;2025/09/02 11:00:00.000
"GC-SEPLAG-006";2025;2;"PREGÃO ELETRÔNICO";2;2025;"FUNDO MUNICIPAL DE ASSISTÊNCIA SOCIAL - FMAS";"REGISTRO DE PREÇOS, PELO PERÍODO DE 12 (DOZE) MESES, PARA A CONTRATAÇÃO DE EMPRESA ESPECIALIZADA PARA PRESTAÇÃO DE SERVIÇOS DE ADMINISTRAÇÃO,
GERENCIAMENTO, EMISSÃO E FORNECIMENTO DE CARTÕES ALIMENTAÇÃO, EM LOTE ÚNICO, TOTALIZANDO 01 (UM) ITEM, PARA ATENDER ÀS NECESSIDADES DA SECRETARIA DE ASSISTÊNCIA SOCIAL E COMBATE À FOME.";8382600.0;2025/09/01 14:00:00.000
"GC-SEPLAG-006";2025;7;"PREGÃO ELETRÔNICO";7;2025;"FUNDO MUNICIPAL DE SAUDE";"REGISTRO DE PREÇOS PARA CONTRATAÇÃO DE EMPRESA ESPECIALIZADA NA PRESTAÇÃO DE SERVIÇOS DE CONSERVAÇÃO E LIMPEZA, COM DEDICAÇÃO EXCLUSIVA DE MÃO DE OBRA, PELO PERÍODO DE 12 (DOZE) MESES, EM 01 (UM) LOTE, COM 7 (SETE) ITENS PARA ATENDER A SECRETARIA DE SAÚDE DO RECIFE.";67823198.04;2025/06/16 10:00:00.000
"GC-SEPLAG-006";2025;10;"PREGÃO ELETRÔNICO";9;2025;"FUNDO MUNICIPAL DE SAUDE";"REGISTRO DE PREÇOS, PARA AQUISIÇÃO DE EQUIPAMENTO DE RAIO-X FIXO DIGITAL, COM VALIDADE DE 12 (DOZE) MESES, 01 (UM) LOTE, 01 (UM) ITEM, PARA ATENDER AS NECESSIDADES DA SECRETARIA DE SAÚDE DA CIDADE DO RECIFE.";1039958.0;2025/07/22 10:00:00.000
"GC-SEPLAG-006";2025;11;"PREGÃO ELETRÔNICO";10;2025;"FUNDO MUNICIPAL DE SAUDE";"REGISTRO DE PREÇOS, PARA AQUISIÇÃO DE USG COM DOPPLER, TRANSDUTORES E SOFTWARE DE EXAMES, COM VALIDADE DE 12 (DOZE) MESES, 01 (UM) LOTE, TOTALIZANDO 09 (NOVE) ITENS, PARA ATENDER AS NECESSIDADES DA SECRETARIA DE SAÚDE DA CIDADE DO RECIFE.";3330128.2;2025/08/14 10:00:00.000
"GC-SEPLAG-007";2025;17;"PREGÃO ELETRÔNICO";17;2025;"FUNDO MUNICIPAL DE SAUDE";"REGISTRO DE PREÇOS, PARA AQUISIÇÃO DE EQUIPAMENTOS HOSPITALARES, COM VALIDADE DE 12 (DOZE) MESES, 04 (QUATRO) LOTES, TOTALIZANDO 09 (NOVE) ITENS, PARA ATENDER AS NECESSIDADES DA SECRETARIA DE SAÚDE DA CIDADE DO RECIFE.";4192278.03;2025/08/04 14:00:00.000
"GC-SEPLAG-007";2025;18;"PREGÃO ELETRÔNICO";18;2025;"FUNDO MUNICIPAL DE SAUDE";"REGISTRO DE PREÇOS, PARA AQUISIÇÃO DE CARRO DE EMERGÊNCIA, CARRO PARA TRANSPORTE DE CADAVER E OFTALMOSCOPIO BINOCULAR INDIRETO, COM VALIDADE DE 12 (DOZE) MESES, 04 (QUATRO) LOTES, TOTALIZANDO 04 (QUATRO) ITENS, PARA ATENDER AS NECESSIDADES DA SECRETARIA DE SAÚDE DA CIDADE DO RECIFE.";177983.02;2025/08/25 14:00:00.000
"GC-SEPLAG-007";2025;19;"PREGÃO ELETRÔNICO";19;2025;"FUNDO MUNICIPAL DE SAUDE";"CONTRATAÇÃO DE EMPRESA ESPECIALIZADA NA PRESTAÇÃO
DE SERVIÇOS CONTINUADOS PARA A LOCAÇÃO DE CONTÊINERES, COM VISTAS A ATENDER À SECRETARIA
DE SAÚDE DO MUNICÍPIO DO RECIFE";3048163.2;2025/08/28 14:00:00.000
"GC-SEPLAG-007";2025;20;"PREGÃO ELETRÔNICO";20;2025;"FUNDO MUNICIPAL DE ASSISTÊNCIA SOCIAL - FMAS";"REGISTRO DE PREÇOS, PELO PERÍODO DE 12 (DOZE) MESES, PARA AQUISIÇÃO DE EQUIPAMENTOS DE PROTEÇÃO INDIVIDUAL (EPIS), COM 4 (QUATRO) LOTES, TOTALIZANDO 25 (VINTE E CINCO) ITENS, PARA A
SECRETARIA DE ASSISTÊNCIA SOCIAL E COMBATE À FOME.";247147.56;2025/09/02 14:00:00.000
"GC-SEPLAG-008";2025;6;"PREGÃO ELETRÔNICO";3;2025;"FUNDO MUNICIPAL DE SAUDE";"REGISTRO DE PREÇOS, PELO PERÍODO DE 12 (DOZE) MESES, PARA AQUISIÇÃO DE RECIPIENTES E MATERIAIS PARA ACONDICIONAMENTO E EMBALAGENS, UTENSÍLIOS DE LIMPEZA E MATERIAIS HOSPITALAR, 3 (TRÊS) LOTES, TOTALIZANDO 18(DEZOITO) ITENS, PARA A SECRETARIA DE SAÚDE";123194.62;2025/05/20 15:00:00.000
"GC-SEPLAG-008";2025;8;"CONCORRÊNCIA - ELETRÔNICA";2;2025;"SECRETARIA DE ESPORTES";"PROCESSO DE LICITAÇÃO DE CONTRATAÇÃO DE EMPRESA ESPECIALIZADA EM ENGENHARIA PARA EXECUÇÃO DA OBRA DA QUADRA POLIESPORTIVA E QUADRA DE STREETBALL";319128.11;2025/07/08 15:00:00.000
"GC-SEPLAG-008";2025;9;"PREGÃO ELETRÔNICO";5;2025;"FUNDO MUNICIPAL DE SAUDE";"REGISTRO DE PREÇOS PELO PER DE 12 MESES PARA A CONTRATAÇÃO DE EMP ESPECIALIZADA NA PRESTAÇÃO DE SERV DE MANUTENÇÃO PREVENTIVA E CORRETIVA COM REPOSIÇÃO DE PEÇAS PARA EQUIPMTOS, INSTRUMENTOS DE MEDIÇÃO E MÁQUINAS PRA ANÁLISES DE EXAMES EM 10 (DEZ) LOTES TOTALIZANDO 104 ITENS CENTRO E QUATRO ITENS VISANDO ATENDER AS NECESSIDADES DO LAB MUN DO RECIFE, ÓRGÃO DA SEC SAÚDE DO RECIFE";1095357.88;2025/08/18 15:00:00.000
"GC-SEPLAG-008";2025;10;"PREGÃO ELETRÔNICO";6;2025;"SECRETARIA DE ESPORTES";"CONTRATAÇÃO DE EMPRESA DE ENGENHARIA PARA EXECUÇÃO DOS OBRAS PARA 
CONSTRUÇÃO DA COBERTA E REFORMA DA QUADRA POLIESPORTIVA DO PARQUE CAIARA, NO BAIRRO DA 
IPUTINGA, NO MUNICÍPIO DO RECIFE, EM 2 (DOIS) LOTES";1204756.88;2025/08/21 15:00:00.000
"GC-SEPLAG-008";2025;11;"PREGÃO ELETRÔNICO";7;2025;"FUNDO MUNICIPAL DE ASSISTÊNCIA SOCIAL - FMAS";"CONTRATAÇÃO DE EMPRESA DE ENGENHARIA ESPECIALIZADA PARA A EXECUÇÃO DE OBRAS REMANESCENTES";1436758.01;2025/08/21 15:00:00.000
"GC-SEPLAG-008";2025;12;"CONCORRÊNCIA - ELETRÔNICA";3;2025;"SECRETARIA DE EDUCAÇÃO";"CONTRATAÇÃO DE EMPRESA NA PRESTAÇÃO DE SERVIÇOS DE ENGENHARIA PARA EXECUÇÃO DO PLANO INFÂNCIA NA CRECHE PARA A CONSTRUÇÃO DA CRECHE DO COMPLEXO EDUCACIONAL DA VÁRZEA, COM VISTA A ATENDER A SECRETARIA DE EDUCAÇÃO.";6871152.2;2025/08/28 15:00:00.000
"GC-SEPLAG-009";2025;9;"PREGÃO ELETRÔNICO";9;2025;"SECRETARIA DE TURISMO E LAZER";"REGISTRO DE PREÇOS, PELO PERÍODODE12(DOZE)MESES PARA FORNECIMENTO DE PRODUTOS TIPO “BRINDES”, INCLUINDO IMPRESSÃO DE LAYOUT GRÁFICO INSTITUCIONAL NAS AQUISIÇÕES, LOTE ÚNICO, PARA A SECRETARIA DE TURISMO E LAZER";639334.66;2025/08/04 14:00:00.000
"GC-SEPLAG-009";2025;10;"CONCORRÊNCIA - ELETRÔNICA";1;2025;"SECRETARIA DE EDUCAÇÃO";"CONTRATAÇÃO DE EMPRESA NA PRESTAÇÃO DE SERVIÇOS DE ENGENHARIA PARA EXECUÇÃO DA CONSTRUÇÃO DA ESCOLA MUNICIPAL COMPLEXO DA VÁRZEA, SITUADA NA CIDADE DO RECIFE/PE, COM VISTAS A ATENDER À SECRETARIA DE EDUCAÇÃO DO MUNICÍPIO DO RECIFE (SEDUC).";12562979.75;2025/08/07 14:00:00.000
"GC-SEPLAG-009";2025;11;"CONCORRÊNCIA - ELETRÔNICA";2;2025;"SECRETARIA DE EDUCAÇÃO";"CONTRATAÇÃO DE EMPRESA DE ENGENHARIA ESPECIALIZADA NA PRESTAÇÃO DE SERVIÇOS CONTINUADOS DE INSPEÇÃO E MANUTENÇÃO PREDIAL, DE CARÁTER PREDITIVA, PREVENTIVA E CORRETIVA, DEFINIDOS NO PLANO DE MANUTENÇAO E INSPEÇÃO PREDIAL PARA INTERVENÇÕES NAS INSTALAÇÕES PREDIAIS DAS UNIDADES EDUCACIONAIS E ADMINISTRATIVAS DA SECRETARIA DE EDUCAÇÃO DO RECIFE.";124304096.62;2025/08/11 14:00:00.000
"GC-SEPLAG-009";2025;12;"PREGÃO ELETRÔNICO";10;2025;"SECRETARIA DE EDUCAÇÃO";"REGISTRO DE PREÇO COM VALIDADE DE 12 (DOZE) MESES, PARA AQUISIÇÃO DE BOBINA DE FILME PVC TIPO STRETCH VISANDO ATENDIMENTO DE DEMANDA DA SECRETARIA DE EDUCAÇÃO.";119091.0;2025/08/26 14:00:00.000
"GC-SEPLAG-009";2025;13;"PREGÃO ELETRÔNICO";11;2025;"SECRETARIA DE ORDEM PÚBLICA E SEGURANÇA";"CONTRATAÇÃO DE AQUISIÇÃO DE EQUIPAMENTOS TECNOLÓGICOS, COMPREENDENDO: NOTEBOOKS DE ALTO DESEMPENHO, DESKTOP WORKSTATION COM MONITOR DE 32 POLEGADAS INCLUSO, TELAS INTERATIVAS MULTIMÍDIA, LEDWALL LED INDOOR DE ALTA PERFORMANCE E SISTEMA DE VIDEOWALL COM MONITORES PROFISSIONAIS, CONFORME CONDIÇÕES E ESPECIFICAÇÕES CONTIDAS NO TERMO DE REFERÊNCIA";5462192.05;2025/09/01 14:00:00.000
"GC-SEPLAG-009";2025;14;"CONCORRÊNCIA - ELETRÔNICA";3;2025;"SECRETARIA DE ESPORTES";"CONTRATAÇÃO DE EMPRESA DE ENGENHARIA
PARA EXECUÇÃO DA CONSTRUÇÃO DA PISTA DE
SKATE PARK DO PARQUE GOVERNADOR
EDUARDO CAMPOS (AEROCLUBE), LOCALIZADA
NO BAIRRO DO PINA, NO MUNICÍPIO DO RECIFE";679850.03;2025/09/03 14:00:00.000
"GC-SEPLAG-009";2025;15;"CONCORRÊNCIA - ELETRÔNICA";4;2025;"SECRETARIA DE ESPORTES";"EXECUÇÃO DA CONSTRUÇÃO DA PISTA DE PUMP TRACK DO PARQUE GOVERNADOR EDUARDO CAMPOS, LOCALIZADA NO BAIRRO DO PINA, NO MUNICÍPIO DO RECIFE.";743934.63;2025/09/05 14:00:00.000
"GC-SEPLAG-010";2025;5;"PREGÃO ELETRÔNICO";5;2025;"FUNDO MUNICIPAL DE SAUDE";"REGISTRO DE PREÇOS, PELO PERÍODO DE 12 (DOZE) MESES, PARA AQUISIÇÃO DE IMPRESSOS GRÁFICOS, EM 08 (OITO) LOTES, TOTALIZANDO 49 ITENS, A FIM DE ABASTECER TODA REDE MUNICIPAL DE SAÚDE DO RECIFE";3880023.51;2025/02/18 17:00:00.000
"GC-SEPLAG-010";2025;15;"PREGÃO ELETRÔNICO";15;2025;"FUNDO MUNICIPAL DE SAUDE";"REGISTRO DE PREÇOS, PARA AQUISIÇÃO DE MAMÓGRAFO DIGITAL E APARELHO DE DENSITOMETRIA, COM VALIDADE DE 12 (DOZE) MESES, 02 (DOIS) LOTES, TOTALIZANDO 02 (DOIS) ITENS, PARA ATENDER AS NECESSIDADES DA SECRETARIA DE SAÚDE DA CIDADE DO RECIFE.";4169612.0;2025/07/21 17:00:00.000
"GC-SEPLAG-010";2025;16;"PREGÃO ELETRÔNICO";16;2025;"FUNDO MUNICIPAL DE SAUDE";"REGISTRO DE PREÇOS, PELO PERÍODO DE 12 (DOZE) MESES, PARA CONTRATAÇÃO DE EMPRESA ESPECIALIZADA NO FORNECIMENTO DE ÁGUA POTÁVEL, EM 01 (UM) LOTE, PARA ATENDER ÀS NECESSIDADES DA SECRETARIA DE SAÚDE DO MUNICÍPIO DO RECIFE";1724189.97;2025/08/18 17:00:00.000
"GC-SEPLAG-010";2025;17;"PREGÃO ELETRÔNICO";17;2025;"FUNDO MUNICIPAL DE SAUDE";"REGISTRO DE PREÇO, PELO PERÍODO DE 12 (DOZE) MESES,
PARA AQUISIÇÃO DE INSUMOS ODONTOLÓGICOS, EM 26 (VINTE E SEIS) LOTES,TOTALIZANDO 26 (VINTE E SEIS) ITENS, PARA ATENDER AS NECESSIDADES DA SECRETARIA DE SAÚDE DA PREFEITURA DO RECIFE";660944.03;2025/09/04 17:00:00.000
"GC-URB-001";2025;4;"CONCORRÊNCIA - ELETRÔNICA";1;2025;"URB - AUTARQUIA DE URBANIZACAO DO RECIFE";"CONTRATAÇÃO DE EMPRESA DE ENGENHARIA PARA EXECUÇÃO DAS OBRAS DO NOVO PROGRAMA MUNICIPAL DE ENCOSTAS, NA CIDADE DO RECIFE/PE - LOTE 19 (7D).";12683269.26;2025/07/29 10:00:00.000
"GC-URB-001";2025;5;"CONCORRÊNCIA - ELETRÔNICA";2;2025;"URB - AUTARQUIA DE URBANIZACAO DO RECIFE";"CONTRATAÇÃO DE EMPRESA DE ENGENHARIA PARA EXECUÇÃO DAS OBRAS DE CONTENÇÃO E ESTABILIZAÇÃO DE ENCOSTAS NA CIDADE DO RECIFE/PE - MILAGRES PARTE II E 4A TRAVESSA JOÃO RIO BRANCO DE LIMA.";51352610.78;2025/06/12 10:00:00.000
"GC-URB-001";2025;6;"CONCORRÊNCIA - ELETRÔNICA";3;2025;"URB - AUTARQUIA DE URBANIZACAO DO RECIFE";"CONTRATAÇÃO DE EMPRESA DE ENGENHARIA PARA EXECUÇÃO DA OBRA DE REVESTIMENTO DO CANAL DO SANBRA, PAVIMENTAÇÃO, DRENAGEM E URBANIZAÇÃO - ESTÂNCIA, RECIFE/PE.";31983849.83;2025/07/29 10:00:00.000
"GC-URB-001";2025;7;"CONCORRÊNCIA - ELETRÔNICA";4;2025;"URB - AUTARQUIA DE URBANIZACAO DO RECIFE";"CONTRATAÇÃO DE EMPRESA ESPECIALIZADA PARA ELABORAÇÃO DE PROJETOS EXECUTIVOS DE ENGENHARIA E URBANIZAÇÃO PARA INTERVENÇÕES ESTRATÉGICAS LOCALIZADAS NA BR-101, DENTRO DOS LIMITES DO MUNICÍPIO DE RECIFE-PE.";3250112.89;2025/08/05 10:00:00.000
"GC-URB-001";2025;8;"CONCORRÊNCIA - ELETRÔNICA";5;2025;"URB - AUTARQUIA DE URBANIZACAO DO RECIFE";"CONTRATAÇÃO DE EMPRESA ESPECIALIZADA PARA ELABORAÇÃO DE PROJETOS EXECUTIVOS DE ENGENHARIA E URBANIZAÇÃO PARA INTERVENÇÕES DE MELHORIA NA MOBILIDADE URBANA DO BAIRRO DO IBURA, NO MUNICÍPIO DE RECIFE/PE.";1120482.38;2025/08/05 10:00:00.000
"GC-URB-001";2025;9;"CONCORRÊNCIA - ELETRÔNICA";6;2025;"URB - AUTARQUIA DE URBANIZACAO DO RECIFE";"CONTRATAÇÃO DE EMPRESA DE ENGENHARIA PARA EXECUÇÃO DA OBRA DE RESTAURAÇÃO DO ENTORNO DA IGREJA DE SÃO JOSÉ DO RIBAMAR, BAIRRO DE SÃO JOSÉ - RECIFE-PE.";3465435.83;2025/08/19 12:00:00.000
